Customer ID,Status,Customer Level
CRM-1471650,Onboarding,Enterprise
CRM-1516050,Onboarding,Long-tail
CRM-1087300,Churn,Semi-Enterprise
CRM-1467150,Churn,Semi-Enterprise
CRM-230550,Churn,Long-tail
CRM-1470950,Retained,Enterprise
CRM-1526100,Retained,Semi-Enterprise
CRM-1506400,Retained,Enterprise
CRM-1507900,Churn,Long-tail
CRM-1430550,Retained,Semi-Enterprise
CRM-484050,Churn,Long-tail
CRM-1485600,Retained,Enterprise
CRM-1479150,Churn,Enterprise
CRM-1485450,Churn,Enterprise
CRM-1485500,Churn,Enterprise
CRM-1485550,Churn,Enterprise
CRM-1548450,Retained,Enterprise
CRM-154400,Retained,Enterprise
CRM-1521000,Retained,Long-tail
CRM-1513350,Retained,Enterprise
CRM-429950,Churn,Enterprise
CRM-343100,Churn,Long-tail
CRM-445700,Churn,Long-tail
CRM-1497700,Onboarding,Enterprise
CRM-1459650,Churn,Long-tail
CRM-309850,Churn,Enterprise
CRM-1490400,Retained,Semi-Enterprise
CRM-1514100,Retained,Semi-Enterprise
CRM-647000,Churn,Enterprise
CRM-1468500,Retained,Long-tail
CRM-1530300,Retained,Long-tail
CRM-1455050,Churn,Semi-Enterprise
CRM-1570450,Onboarding,Semi-Enterprise
CRM-1487050,Retained,Semi-Enterprise
CRM-1482350,Retained,Enterprise
CRM-1434900,Retained,Long-tail
CRM-5452900,Churn,Long-tail
CRM-1500950,Retained,Semi-Enterprise
CRM-1435400,Retained,Long-tail
CRM-1554450,Onboarding,Enterprise
CRM-552050,Churn,Long-tail
CRM-542600,Churn,Long-tail
CRM-289800,Churn,Enterprise
CRM-355050,Retained,Enterprise
CRM-262900,Churn,Long-tail
CRM-157900,Churn,Long-tail
CRM-1451500,Retained,Enterprise
CRM-1448100,Contract Confirmation,Enterprise
CRM-1399350,Churn,Long-tail
CRM-826800,Churn,Enterprise
CRM-759650,Churn,Semi-Enterprise
CRM-1097250,Churn,Enterprise
CRM-1454500,Churn,Long-tail
CRM-165900,Retained,Enterprise
CRM-1489200,Retained,Enterprise
CRM-1489100,Retained,Enterprise
CRM-1589350,Retained,Semi-Enterprise
#N/A,Retained,Enterprise
CRM-1396700,Churn,Semi-Enterprise
CRM-957200,Churn,Enterprise
CRM-527200,Churn,Enterprise
CRM-332600,Churn,Long-tail
CRM-383850,Churn,Enterprise
CRM-1520400,Retained,Enterprise
CRM-1517150,Retained,Long-tail
CRM-205000,Churn,Long-tail
CRM-1520650,Retained,Enterprise
CRM-1464300,Churn,Long-tail
CRM-1578950,Contract Confirmation,Long-tail
CRM-1253400,Churn,Long-tail
CRM-150500,Retained,Enterprise
CRM-835900,Retained,Enterprise
CRM-152900,Retained,Enterprise
CRM-1551100,Onboarding,Enterprise
CRM-1554650,Onboarding,Enterprise
CRM-1575550,Onboarding,Semi-Enterprise
CRM-1492900,Retained,Enterprise
CRM-1523550,Retained,Enterprise
CRM-1161800,Churn,Enterprise
CRM-5612650,Onboarding,Enterprise
CRM-1467350,Retained,Long-tail
CRM-183300,Retained,Semi-Enterprise
CRM-1478900,Retained,Long-tail
CRM-176700,Churn,Semi-Enterprise
CRM-1160350,Churn,Enterprise
CRM-350250,Churn,Long-tail
CRM-1497450,Retained,Semi-Enterprise
CRM-158950,Churn,Long-tail
CRM-335250,Churn,Enterprise
CRM-1464800,Retained,Enterprise
CRM-1500850,Retained,Enterprise
CRM-1458050,Churn,Semi-Enterprise
CRM-690000,Retained,Long-tail
CRM-1489700,Retained,Semi-Enterprise
CRM-1456200,Retained,Enterprise
CRM-1485400,Retained,Long-tail
CRM-703550,Churn,Semi-Enterprise
CRM-534000,Churn,Long-tail
CRM-154450,Churn,Enterprise
CRM-1481250,Churn,Enterprise
CRM-159850,Retained,Semi-Enterprise
CRM-1570500,Retained,Semi-Enterprise
CRM-175100,Churn,Long-tail
CRM-1491900,Retained,Semi-Enterprise
CRM-387950,Churn,Long-tail
CRM-159150,Retained,Enterprise
CRM-1455350,Churn,Long-tail
CRM-1489250,Retained,Semi-Enterprise
CRM-1516200,Retained,Semi-Enterprise
CRM-1445650,Retained,Enterprise
CRM-1573650,Retained,Enterprise
CRM-1589700,Retained,Enterprise
CRM-1528550,Onboarding,Enterprise
CRM-706700,Churn,Semi-Enterprise
CRM-1489400,Retained,Semi-Enterprise
CRM-1501100,Retained,Enterprise
CRM-1559050,Retained,Enterprise
CRM-1545050,Onboarding,Semi-Enterprise
CRM-1497250,Churn,Enterprise
CRM-1528350,Onboarding,Enterprise
CRM-1534600,Incomplete Deal,Semi-Enterprise
CRM-1481050,Retained,Semi-Enterprise
CRM-1481600,Onboarding,Semi-Enterprise
CRM-845700,Retained,Long-tail
CRM-1510450,Churn,Enterprise
CRM-1559300,Retained,Semi-Enterprise
CRM-570900,Churn,Semi-Enterprise
CRM-1469000,Churn,Semi-Enterprise
CRM-476900,Retained,Enterprise
CRM-1481750,Retained,Long-tail
CRM-168600,Churn,Long-tail
CRM-309400,Churn,Long-tail
CRM-152150,Churn,Enterprise
CRM-175150,Churn,Long-tail
CRM-175250,Churn,Long-tail
CRM-175200,Churn,Long-tail
CRM-706750,Retained,Long-tail
CRM-1511700,Churn,Long-tail
CRM-1442100,Retained,Semi-Enterprise
CRM-1607850,Retained,Semi-Enterprise
CRM-1605500,Onboarding,Long-tail
CRM-1575050,Onboarding,Long-tail
CRM-783250,Retained,Enterprise
CRM-1328050,Churn,Semi-Enterprise
CRM-1450800,Churn,Semi-Enterprise
CRM-372100,Retained,Enterprise
CRM-1515900,Retained,Long-tail
CRM-1493700,Retained,Semi-Enterprise
CRM-1494100,Retained,Long-tail
CRM-160250,Retained,Enterprise
CRM-259600,Churn,Long-tail
CRM-1454050,Retained,Enterprise
CRM-1460950,Churn,Long-tail
CRM-157650,Churn,Long-tail
CRM-1460000,Churn,Semi-Enterprise
CRM-1487700,Retained,Enterprise
CRM-397600,Churn,Long-tail
CRM-401300,Churn,Long-tail
CRM-927800,Retained,Enterprise
CRM-552650,Retained,Long-tail
CRM-609850,Churn,Enterprise
CRM-1567800,Onboarding,Semi-Enterprise
CRM-1538850,Onboarding,Enterprise
CRM-385900,Churn,Long-tail
CRM-552600,Retained,Semi-Enterprise
CRM-161850,Churn,Long-tail
CRM-1496400,Retained,Enterprise
CRM-387200,Retained,Enterprise
CRM-1441150,Churn,Long-tail
CRM-1577150,Onboarding,Long-tail
CRM-165050,Churn,Long-tail
CRM-1459850,Churn,Semi-Enterprise
CRM-1560950,Onboarding,Enterprise
CRM-1497750,Onboarding,Enterprise
CRM-796350,Retained,Long-tail
CRM-1507050,Churn,Long-tail
CRM-1507100,Churn,Long-tail
CRM-1507150,Churn,Long-tail
CRM-1056600,Churn,Enterprise
CRM-1437150,Retained,Long-tail
CRM-1502300,Retained,Enterprise
CRM-268900,Retained,Enterprise
CRM-175300,Churn,Long-tail
CRM-1600450,Onboarding,Enterprise
CRM-1077950,Churn,Long-tail
CRM-1077850,Churn,Long-tail
CRM-908950,Retained,Enterprise
CRM-1078000,Churn,Semi-Enterprise
CRM-1515050,Retained,Semi-Enterprise
CRM-1031550,Churn,Long-tail
CRM-175350,Churn,Long-tail
CRM-166100,Retained,Enterprise
CRM-1250100,Churn,Semi-Enterprise
CRM-320250,Churn,Long-tail
CRM-505000,Retained,Semi-Enterprise
CRM-320200,Churn,Long-tail
CRM-1272750,Churn,Long-tail
CRM-753900,Churn,Enterprise
CRM-150550,Churn,Long-tail
CRM-1475550,Retained,Semi-Enterprise
CRM-277800,Retained,Semi-Enterprise
CRM-166050,Retained,Semi-Enterprise
CRM-1436600,Retained,Semi-Enterprise
CRM-1497650,Retained,Enterprise
CRM-1481550,Churn,Long-tail
CRM-162250,Churn,Long-tail
CRM-1063550,Churn,Long-tail
CRM-1487650,Churn,Long-tail
CRM-1430050,Churn,Semi-Enterprise
CRM-793200,Churn,Enterprise
CRM-1466100,Incomplete Deal,Semi-Enterprise
CRM-5604300,Onboarding,Enterprise
CRM-334000,Churn,Long-tail
CRM-1019500,Retained,Enterprise
CRM-378850,Retained,Semi-Enterprise
CRM-1503950,Retained,Semi-Enterprise
CRM-1079000,Retained,Enterprise
CRM-1453650,Retained,Semi-Enterprise
CRM-1468100,Churn,Semi-Enterprise
CRM-317600,Churn,Long-tail
CRM-1598950,Onboarding,Semi-Enterprise
CRM-1201450,Churn,Long-tail
CRM-329450,Retained,Enterprise
CRM-703450,Retained,Enterprise
CRM-703500,Retained,Enterprise
CRM-703400,Retained,Enterprise
CRM-1501200,Retained,Long-tail
CRM-550150,Churn,Long-tail
CRM-1324000,Churn,Long-tail
CRM-370200,Onboarding,Semi-Enterprise
CRM-847750,Churn,Long-tail
CRM-1516450,Retained,Semi-Enterprise
CRM-180400,Churn,Long-tail
CRM-828400,Retained,Enterprise
CRM-1281200,Churn,Long-tail
CRM-1492050,Retained,Long-tail
CRM-1468800,Retained,Long-tail
CRM-1234250,Retained,Enterprise
CRM-152400,Churn,Long-tail
CRM-565500,Retained,Enterprise
CRM-1103750,Retained,Enterprise
CRM-1511150,Incomplete Deal,Semi-Enterprise
CRM-5604250,Onboarding,Semi-Enterprise
CRM-1056650,Churn,Enterprise
CRM-732750,Retained,Enterprise
CRM-1498300,Churn,Semi-Enterprise
CRM-1474750,Churn,Long-tail
CRM-927750,Churn,Semi-Enterprise
CRM-1043250,Churn,Enterprise
CRM-1565050,Onboarding,Long-tail
CRM-927700,Retained,Enterprise
CRM-1485950,Churn,Long-tail
CRM-1573900,Onboarding,Enterprise
CRM-1446950,Churn,Long-tail
CRM-160200,Retained,Enterprise
CRM-5600750,Onboarding,Enterprise
CRM-583300,Churn,Long-tail
CRM-276350,Incomplete Deal,Long-tail
CRM-1444600,Retained,Semi-Enterprise
CRM-1516850,Churn,Enterprise
CRM-1521100,Churn,Enterprise
CRM-230500,Retained,Semi-Enterprise
CRM-1088650,Churn,Semi-Enterprise
CRM-236800,Retained,Enterprise
CRM-547850,Churn,Long-tail
CRM-163250,Churn,Semi-Enterprise
CRM-674700,Churn,Long-tail
CRM-224800,Retained,Long-tail
CRM-247350,Churn,Long-tail
CRM-1471500,Churn,Semi-Enterprise
CRM-1531900,Retained,Long-tail
CRM-158900,Churn,Long-tail
CRM-1479450,Retained,Long-tail
CRM-1484900,Churn,Long-tail
CRM-1529500,Retained,Enterprise
CRM-1280200,Churn,Semi-Enterprise
CRM-346400,Retained,Long-tail
CRM-224850,Churn,Long-tail
CRM-273900,Churn,Long-tail
CRM-701050,Retained,Long-tail
CRM-156550,Churn,Long-tail
CRM-547900,Churn,Long-tail
CRM-312300,Churn,Long-tail
CRM-1149100,Retained,Enterprise
CRM-312250,Churn,Long-tail
CRM-440800,Retained,Long-tail
CRM-498000,Churn,Long-tail
CRM-531400,Churn,Long-tail
CRM-1539250,Churn,Enterprise
CRM-1509600,Churn,Long-tail
CRM-165100,Churn,Long-tail
CRM-199700,Churn,Enterprise
CRM-1493400,Retained,Long-tail
CRM-1560800,Onboarding,Enterprise
CRM-834200,Churn,Long-tail
CRM-1261350,Churn,Long-tail
CRM-1568050,Onboarding,Semi-Enterprise
CRM-166650,Churn,Long-tail
CRM-1517050,Retained,Semi-Enterprise
CRM-234900,Churn,Long-tail
CRM-1541700,Onboarding,Enterprise
CRM-1539300,Onboarding,Enterprise
CRM-1539350,Onboarding,Enterprise
CRM-1486250,Churn,Semi-Enterprise
CRM-1177150,Churn,Long-tail
CRM-578400,Retained,Enterprise
CRM-1552200,Onboarding,Enterprise
CRM-1326000,Churn,Long-tail
CRM-156350,Churn,Long-tail
CRM-155350,Retained,Enterprise
CRM-1600300,Retained,Enterprise
CRM-1449100,Retained,Semi-Enterprise
CRM-1588050,Retained,Semi-Enterprise
CRM-427350,Churn,Long-tail
CRM-467600,Churn,Long-tail
CRM-507000,Churn,Long-tail
CRM-155850,Retained,Semi-Enterprise
CRM-547550,Retained,Enterprise
CRM-513750,Churn,Enterprise
CRM-1552950,Onboarding,Enterprise
CRM-349050,Retained,Enterprise
CRM-1479200,Retained,Long-tail
CRM-1465300,Churn,Long-tail
CRM-1233700,Churn,Semi-Enterprise
CRM-1290050,Retained,Enterprise
CRM-237150,Onboarding,Enterprise
CRM-635850,Churn,Long-tail
CRM-1478100,Retained,Long-tail
CRM-1521050,Churn,Enterprise
CRM-174350,Churn,Long-tail
CRM-1606400,Onboarding,Semi-Enterprise
CRM-1456350,Churn,Semi-Enterprise
CRM-558200,Retained,Enterprise
CRM-1467050,Churn,Long-tail
CRM-1456050,Incomplete Deal,Enterprise
CRM-1476450,Retained,Long-tail
CRM-1476150,Retained,Semi-Enterprise
CRM-672900,Retained,Long-tail
CRM-1585500,Retained,Semi-Enterprise
CRM-739750,Churn,Long-tail
CRM-158850,Retained,Enterprise
CRM-1467900,Churn,Enterprise
CRM-1584400,Onboarding,Enterprise
CRM-1506750,Churn,Long-tail
CRM-245150,Churn,Long-tail
CRM-1456500,Churn,Semi-Enterprise
CRM-150950,Churn,Semi-Enterprise
CRM-986100,Retained,Enterprise
CRM-1502900,Retained,Enterprise
CRM-1441450,Churn,Enterprise
CRM-1495550,Churn,Enterprise
CRM-561350,Churn,Long-tail
CRM-152700,Churn,Long-tail
CRM-153000,Churn,Long-tail
CRM-1514550,Retained,Enterprise
CRM-751350,Churn,Semi-Enterprise
CRM-1441700,Retained,Enterprise
CRM-907950,Retained,Enterprise
CRM-404250,Churn,Long-tail
CRM-1493050,Retained,Semi-Enterprise
CRM-166000,Churn,Long-tail
CRM-1494150,Retained,Enterprise
CRM-1456750,Retained,Enterprise
CRM-304350,Churn,Long-tail
CRM-1497800,Onboarding,Enterprise
CRM-270200,Churn,Long-tail
CRM-1456650,Retained,Enterprise
CRM-1475350,Churn,Enterprise
CRM-337900,Retained,Enterprise
CRM-1483500,Churn,Long-tail
CRM-499600,Churn,Long-tail
CRM-1485650,Churn,Semi-Enterprise
CRM-1188300,Churn,Enterprise
CRM-5608700,Onboarding,Long-tail
CRM-608550,Churn,Long-tail
CRM-1580550,Onboarding,Enterprise
CRM-1494000,Retained,Enterprise
CRM-1456800,Churn,Semi-Enterprise
CRM-1465200,Retained,Enterprise
CRM-734450,Churn,Long-tail
CRM-1267350,Retained,Semi-Enterprise
CRM-1267450,Churn,Semi-Enterprise
CRM-1267400,Churn,Long-tail
CRM-1569700,Onboarding,Semi-Enterprise
CRM-1569750,Onboarding,Semi-Enterprise
CRM-1468200,Retained,Enterprise
CRM-1535100,Onboarding,Long-tail
CRM-1487450,Churn,Semi-Enterprise
CRM-198350,Churn,Enterprise
CRM-1464150,Churn,Enterprise
CRM-1102150,Retained,Long-tail
CRM-1579000,Onboarding,Long-tail
CRM-1502250,Churn,Semi-Enterprise
CRM-1480550,Retained,Semi-Enterprise
CRM-594300,Churn,Long-tail
CRM-1492200,Churn,Long-tail
CRM-1569550,Onboarding,Enterprise
CRM-1521500,Retained,Semi-Enterprise
CRM-331350,Churn,Long-tail
CRM-503800,Churn,Semi-Enterprise
CRM-329000,Retained,Enterprise
CRM-1437350,Churn,Semi-Enterprise
CRM-1519950,Retained,Enterprise
CRM-1601250,Onboarding,Enterprise
CRM-1460150,Retained,Enterprise
CRM-1471550,Churn,Long-tail
CRM-1481850,Churn,Enterprise
CRM-1478150,Churn,Semi-Enterprise
CRM-476500,Retained,Enterprise
CRM-343000,Churn,Long-tail
CRM-596050,Churn,Enterprise
CRM-304800,Churn,Long-tail
CRM-1480600,Retained,Semi-Enterprise
CRM-1510950,Churn,Long-tail
CRM-591000,Retained,Long-tail
CRM-927200,Retained,Enterprise
CRM-1446750,Retained,Enterprise
CRM-160100,Churn,Long-tail
CRM-5617700,Onboarding,Long-tail
CRM-422800,Churn,Long-tail
CRM-382950,Churn,Long-tail
CRM-940500,Churn,Long-tail
CRM-1517800,Retained,Semi-Enterprise
CRM-923850,Churn,Long-tail
CRM-1587550,Retained,Long-tail
CRM-1466750,Churn,Semi-Enterprise
CRM-1359600,Churn,Semi-Enterprise
CRM-556900,Retained,Enterprise
CRM-183400,Churn,Long-tail
CRM-1488700,Churn,Enterprise
CRM-1559500,Retained,Enterprise
CRM-1530950,Retained,Long-tail
CRM-1496900,Retained,Enterprise
CRM-879150,Churn,Long-tail
CRM-1442200,Churn,Long-tail
CRM-1333000,Churn,Long-tail
CRM-153300,Retained,Semi-Enterprise
CRM-477000,Churn,Long-tail
CRM-1471600,Retained,Enterprise
CRM-1486450,Retained,Enterprise
CRM-290550,Churn,Long-tail
CRM-1490450,Retained,Enterprise
CRM-1605600,Churn,Long-tail
CRM-1458100,Retained,Semi-Enterprise
CRM-165700,Churn,Long-tail
CRM-1042500,Churn,Long-tail
CRM-273850,Churn,Enterprise
CRM-863700,Churn,Long-tail
CRM-885550,Churn,Long-tail
CRM-885600,Churn,Long-tail
CRM-1607100,Onboarding,Enterprise
CRM-244950,Churn,Long-tail
CRM-1049850,Incomplete Deal,Long-tail
CRM-236600,Churn,Long-tail
CRM-262450,Retained,Enterprise
CRM-1559900,Retained,Enterprise
CRM-1597400,Retained,Enterprise
CRM-1436200,Churn,Long-tail
CRM-1492450,Churn,Long-tail
CRM-1471400,Onboarding,Enterprise
CRM-1494300,Retained,Enterprise
CRM-1537800,Retained,Enterprise
CRM-1502700,Retained,Enterprise
CRM-1437050,Retained,Enterprise
CRM-1515700,Retained,Enterprise
CRM-1002400,Retained,Enterprise
CRM-1585800,Onboarding,Enterprise
CRM-1483050,Retained,Enterprise
CRM-656700,Churn,Enterprise
CRM-1456600,Retained,Long-tail
CRM-1500200,Retained,Enterprise
CRM-1520250,Retained,Semi-Enterprise
CRM-172850,Retained,Semi-Enterprise
CRM-424550,Retained,Enterprise
CRM-547400,Retained,Enterprise
CRM-1447100,Retained,Enterprise
CRM-1485750,Retained,Semi-Enterprise
CRM-1464850,Churn,Long-tail
CRM-897850,Churn,Enterprise
CRM-349150,Retained,Enterprise
CRM-1447650,Retained,Enterprise
CRM-1447400,Churn,Long-tail
CRM-1553000,Onboarding,Enterprise
CRM-908900,Retained,Enterprise
CRM-424500,Retained,Enterprise
CRM-1589750,Retained,Semi-Enterprise
CRM-1567700,Onboarding,Long-tail
CRM-156100,Churn,Enterprise
CRM-1577250,Onboarding,Enterprise
CRM-1233850,Churn,Semi-Enterprise
CRM-1502750,Retained,Enterprise
CRM-1497050,Retained,Enterprise
CRM-558150,Retained,Enterprise
CRM-1528600,Retained,Enterprise
CRM-1472200,Retained,Enterprise
CRM-5605550,Onboarding,Enterprise
CRM-607700,Retained,Enterprise
CRM-510050,Retained,Enterprise
CRM-159400,Churn,Long-tail
CRM-476700,Retained,Enterprise
CRM-1490150,Churn,Long-tail
CRM-1467750,Retained,Enterprise
CRM-1438350,Churn,Long-tail
CRM-1552300,Retained,Semi-Enterprise
CRM-670600,Retained,Enterprise
CRM-552000,Churn,Long-tail
CRM-1526000,Retained,Enterprise
CRM-843200,Churn,Long-tail
CRM-1457150,Incomplete Deal,Enterprise
CRM-1034750,Contract Confirmation,Long-tail
CRM-941800,Retained,Long-tail
CRM-1446900,Retained,Enterprise
CRM-1441050,Retained,Enterprise
CRM-1441100,Retained,Enterprise
CRM-1478350,Retained,Semi-Enterprise
CRM-950700,Retained,Semi-Enterprise
CRM-1500250,Retained,Enterprise
CRM-285500,Churn,Long-tail
CRM-893950,Churn,Semi-Enterprise
CRM-1053700,Churn,Semi-Enterprise
CRM-1500450,Retained,Enterprise
CRM-1534450,Retained,Enterprise
CRM-262500,Churn,Long-tail
CRM-359950,Churn,Long-tail
CRM-360000,Churn,Long-tail
CRM-654100,Churn,Long-tail
CRM-1598150,Onboarding,Long-tail
CRM-1478800,Churn,Semi-Enterprise
CRM-1490200,Onboarding,Enterprise
CRM-340500,Churn,Long-tail
CRM-724550,Retained,Enterprise
CRM-398050,Churn,Semi-Enterprise
CRM-1587000,Retained,Enterprise
CRM-1467950,Churn,Enterprise
CRM-1520850,Retained,Enterprise
CRM-393800,Retained,Enterprise
CRM-1513850,Retained,Enterprise
CRM-1521200,Contract Confirmation,Long-tail
CRM-1549300,Retained,Enterprise
CRM-1532500,Onboarding,Enterprise
CRM-197800,Churn,Long-tail
CRM-1586350,Onboarding,Enterprise
CRM-1078200,Churn,Long-tail
CRM-1579850,Onboarding,Enterprise
CRM-1450700,Churn,Semi-Enterprise
CRM-1458200,Churn,Long-tail
CRM-418850,Churn,Long-tail
CRM-1286600,Retained,Enterprise
CRM-1476200,Contract Confirmation,Semi-Enterprise
CRM-174450,Churn,Long-tail
CRM-1483600,Retained,Long-tail
CRM-676850,Churn,Enterprise
CRM-1555750,Retained,Long-tail
CRM-1458300,Churn,Semi-Enterprise
CRM-508550,Churn,Semi-Enterprise
CRM-444950,Churn,Long-tail
CRM-600200,Churn,Semi-Enterprise
CRM-756850,Churn,Semi-Enterprise
CRM-576500,Churn,Semi-Enterprise
CRM-651350,Retained,Semi-Enterprise
CRM-1165050,Retained,Long-tail
CRM-1554800,Onboarding,Enterprise
CRM-1474700,Churn,Long-tail
CRM-1450550,Churn,Long-tail
CRM-303900,Retained,Enterprise
CRM-166800,Onboarding,Enterprise
CRM-1509500,Retained,Semi-Enterprise
CRM-1466500,Onboarding,Long-tail
CRM-325050,Churn,Semi-Enterprise
CRM-1500300,Retained,Enterprise
CRM-369900,Churn,Long-tail
CRM-155550,Retained,Semi-Enterprise
CRM-576050,Churn,Long-tail
CRM-159200,Retained,Enterprise
CRM-1521250,Retained,Enterprise
CRM-1483150,Retained,Long-tail
CRM-1337250,Retained,Long-tail
CRM-1552350,Onboarding,Semi-Enterprise
CRM-200350,Retained,Enterprise
CRM-1513300,Retained,Enterprise
CRM-1450500,Retained,Enterprise
CRM-1457450,Retained,Enterprise
CRM-1457500,Churn,Enterprise
CRM-187350,Churn,Long-tail
CRM-597900,Churn,Long-tail
CRM-1432700,Churn,Long-tail
CRM-1553050,Onboarding,Enterprise
CRM-1475250,Churn,Semi-Enterprise
CRM-252200,Churn,Long-tail
CRM-159650,Churn,Long-tail
CRM-254300,Churn,Long-tail
CRM-606700,Churn,Long-tail
CRM-1441800,Churn,Long-tail
CRM-1288650,Churn,Enterprise
CRM-1503600,Retained,Enterprise
CRM-267900,Churn,Long-tail
CRM-709650,Contract Confirmation,Semi-Enterprise
CRM-246300,Retained,Long-tail
CRM-1463350,Churn,Semi-Enterprise
CRM-1507300,Retained,Enterprise
CRM-151100,Churn,Long-tail
CRM-190300,Retained,Semi-Enterprise
CRM-158700,Retained,Enterprise
CRM-1436850,Churn,Long-tail
CRM-1514050,Retained,Enterprise
CRM-1499900,Retained,Long-tail
CRM-1500400,Retained,Long-tail
CRM-1165250,Churn,Enterprise
CRM-161750,Churn,Enterprise
CRM-1493250,Churn,Semi-Enterprise
CRM-1474400,Churn,Semi-Enterprise
CRM-1588950,Onboarding,Enterprise
CRM-908150,Churn,Long-tail
CRM-1518250,Onboarding,Enterprise
CRM-1471050,Retained,Enterprise
CRM-1542450,Retained,Enterprise
CRM-197850,Churn,Enterprise
CRM-1473350,Churn,Long-tail
CRM-166600,Churn,Long-tail
CRM-1597000,Onboarding,Enterprise
CRM-646950,Churn,Long-tail
CRM-1172350,Retained,Enterprise
CRM-1488800,Retained,Enterprise
CRM-1488850,Retained,Enterprise
CRM-1531800,Retained,Long-tail
CRM-5600650,Retained,Long-tail
CRM-169500,Churn,Long-tail
CRM-1607650,Retained,Enterprise
CRM-1461300,Churn,Long-tail
CRM-231100,Churn,Long-tail
CRM-1492550,Retained,Enterprise
CRM-1346850,Churn,Long-tail
CRM-1531000,Retained,Semi-Enterprise
CRM-1483550,Churn,Enterprise
CRM-1310400,Retained,Semi-Enterprise
CRM-584150,Churn,Long-tail
CRM-169600,Churn,Long-tail
CRM-156200,Churn,Long-tail
CRM-1179000,Churn,Long-tail
CRM-1533750,Retained,Enterprise
CRM-1589600,Onboarding,Long-tail
CRM-1517500,Retained,Enterprise
CRM-167000,Retained,Enterprise
CRM-174500,Churn,Long-tail
CRM-1461550,Retained,Semi-Enterprise
CRM-1509200,Onboarding,Long-tail
CRM-1606650,Onboarding,Enterprise
CRM-1606700,Onboarding,Enterprise
CRM-1606750,Onboarding,Enterprise
CRM-1602000,Onboarding,Enterprise
CRM-1606800,Onboarding,Enterprise
CRM-1606850,Onboarding,Enterprise
CRM-1516100,Onboarding,Long-tail
CRM-1443050,Churn,Long-tail
CRM-618050,Churn,Long-tail
CRM-1509900,Retained,Semi-Enterprise
CRM-1145350,Churn,Semi-Enterprise
CRM-412200,Churn,Enterprise
CRM-1511400,Retained,Semi-Enterprise
CRM-1325650,Churn,Semi-Enterprise
CRM-1492100,Retained,Semi-Enterprise
CRM-796600,Churn,Semi-Enterprise
CRM-157450,Retained,Long-tail
CRM-1503150,Churn,Enterprise
CRM-1520000,Onboarding,Semi-Enterprise
CRM-796400,Retained,Enterprise
CRM-1293200,Retained,Enterprise
CRM-1574350,Onboarding,Enterprise
CRM-1100500,Retained,Enterprise
CRM-1500900,Retained,Enterprise
CRM-1536350,Onboarding,Enterprise
CRM-5600850,Onboarding,Long-tail
CRM-1584450,Onboarding,Enterprise
CRM-1434700,Churn,Long-tail
CRM-166450,Retained,Semi-Enterprise
CRM-801400,Churn,Long-tail
CRM-1516700,Retained,Enterprise
CRM-393100,Churn,Long-tail
CRM-1484950,Retained,Semi-Enterprise
CRM-1461000,Churn,Semi-Enterprise
CRM-1478200,Retained,Enterprise
CRM-790100,Churn,Long-tail
CRM-183550,Churn,Long-tail
CRM-335100,Churn,Long-tail
CRM-1461800,Retained,Enterprise
CRM-1530150,Retained,Enterprise
CRM-250350,Churn,Long-tail
CRM-1468700,Retained,Enterprise
CRM-199350,Churn,Long-tail
CRM-1141400,Churn,Long-tail
CRM-532950,Retained,Semi-Enterprise
CRM-1501300,Retained,Enterprise
CRM-596350,Retained,Enterprise
CRM-1498050,Churn,Semi-Enterprise
CRM-879300,Retained,Semi-Enterprise
CRM-1451650,Churn,Semi-Enterprise
CRM-1502800,Contract Confirmation,Semi-Enterprise
CRM-561550,Retained,Enterprise
CRM-185750,Churn,Long-tail
CRM-404600,Churn,Long-tail
CRM-615050,Retained,Enterprise
CRM-1479700,Retained,Enterprise
CRM-155950,Retained,Semi-Enterprise
CRM-424400,Retained,Enterprise
CRM-547500,Retained,Enterprise
CRM-1447200,Retained,Semi-Enterprise
CRM-1464900,Churn,Enterprise
CRM-291550,Churn,Enterprise
CRM-349000,Retained,Enterprise
CRM-1091300,Retained,Semi-Enterprise
CRM-1447250,Churn,Long-tail
CRM-1553100,Onboarding,Enterprise
CRM-417150,Retained,Enterprise
CRM-424450,Retained,Enterprise
CRM-1485850,Retained,Semi-Enterprise
CRM-197700,Churn,Long-tail
CRM-5604950,Onboarding,Long-tail
CRM-158650,Churn,Long-tail
CRM-1446300,Churn,Long-tail
CRM-1157000,Churn,Enterprise
CRM-1440050,Retained,Enterprise
CRM-739100,Churn,Enterprise
CRM-277750,Churn,Long-tail
CRM-1534800,Retained,Semi-Enterprise
CRM-305050,Retained,Enterprise
CRM-1219750,Retained,Semi-Enterprise
CRM-767350,Retained,Semi-Enterprise
CRM-1509800,Churn,Semi-Enterprise
CRM-1510000,Retained,Enterprise
CRM-1481900,Churn,Long-tail
CRM-169250,Churn,Semi-Enterprise
CRM-1562600,Onboarding,Enterprise
CRM-862150,Retained,Enterprise
CRM-1489950,Retained,Semi-Enterprise
CRM-182200,Retained,Semi-Enterprise
CRM-387600,Retained,Enterprise
CRM-1564450,Retained,Enterprise
CRM-842450,In Opportunity Pipeline,Semi-Enterprise
CRM-5607600,Onboarding,Long-tail
CRM-165800,Churn,Long-tail
CRM-175450,Churn,Long-tail
CRM-1048200,Churn,Long-tail
CRM-1567350,Onboarding,Enterprise
CRM-1454650,Retained,Long-tail
CRM-1465950,Retained,Long-tail
CRM-630600,Churn,Semi-Enterprise
CRM-1460200,Retained,Enterprise
CRM-639900,Churn,Long-tail
CRM-812150,Churn,Semi-Enterprise
CRM-1494900,Churn,Semi-Enterprise
CRM-1456450,Retained,Enterprise
CRM-316600,Churn,Semi-Enterprise
CRM-1463800,Churn,Enterprise
CRM-439300,Retained,Semi-Enterprise
CRM-851200,Churn,Enterprise
CRM-1507250,Retained,Long-tail
CRM-1531100,Retained,Semi-Enterprise
#N/A,Onboarding,Enterprise
CRM-1485050,Retained,Long-tail
CRM-161800,Retained,Enterprise
CRM-1551650,Retained,Semi-Enterprise
CRM-1441600,Retained,Enterprise
CRM-1522100,Retained,Semi-Enterprise
CRM-1147000,Churn,Semi-Enterprise
CRM-1545900,Onboarding,Semi-Enterprise
CRM-1482300,Churn,Enterprise
CRM-574550,Churn,Long-tail
CRM-1485250,Incomplete Deal,Long-tail
CRM-1597050,Onboarding,Enterprise
CRM-1597100,Onboarding,Enterprise
CRM-166550,Churn,Semi-Enterprise
CRM-1516350,Retained,Long-tail
CRM-1515100,Churn,Long-tail
CRM-1468750,Retained,Long-tail
CRM-1285150,Retained,Semi-Enterprise
CRM-1434650,Retained,Long-tail
CRM-788050,Churn,Enterprise
CRM-1495950,Retained,Semi-Enterprise
CRM-1509550,Retained,Enterprise
CRM-5603050,Onboarding,Long-tail
CRM-1455700,Churn,Semi-Enterprise
CRM-1560900,Churn,Enterprise
CRM-775950,Retained,Semi-Enterprise
CRM-788700,Retained,Long-tail
CRM-1442050,Retained,Enterprise
CRM-1487800,Retained,Long-tail
CRM-1551550,Retained,Semi-Enterprise
CRM-785300,Retained,Enterprise
CRM-288000,Churn,Long-tail
CRM-335450,Churn,Long-tail
CRM-1444650,Churn,Long-tail
CRM-1553850,Retained,Long-tail
CRM-166900,In Opportunity Pipeline,Long-tail
CRM-1441000,Retained,Long-tail
CRM-157800,Churn,Semi-Enterprise
CRM-1542800,Contract Confirmation,Enterprise
CRM-1544000,Contract Confirmation,Semi-Enterprise
CRM-316250,Retained,Enterprise
CRM-514100,Churn,Long-tail
CRM-557550,Churn,Enterprise
CRM-589000,Churn,Long-tail
CRM-414650,Retained,Semi-Enterprise
CRM-1518100,Retained,Enterprise
CRM-738700,Churn,Semi-Enterprise
CRM-1553150,Onboarding,Long-tail
CRM-1587250,Retained,Enterprise
CRM-804100,Churn,Long-tail
CRM-644400,Churn,Long-tail
CRM-915650,Churn,Semi-Enterprise
CRM-156150,Churn,Long-tail
CRM-796050,Retained,Enterprise
CRM-1460350,Retained,Enterprise
CRM-862100,Retained,Enterprise
CRM-1124350,Retained,Enterprise
CRM-1430200,Churn,Semi-Enterprise
CRM-714600,Retained,Enterprise
CRM-1427700,Churn,Enterprise
CRM-1546750,Retained,Enterprise
CRM-1441400,Churn,Semi-Enterprise
CRM-679600,Churn,Enterprise
CRM-1449200,Churn,Enterprise
CRM-205900,Churn,Enterprise
CRM-185300,Retained,Enterprise
CRM-1442700,In Opportunity Pipeline,Long-tail
CRM-1510400,Retained,Enterprise
CRM-331400,Incomplete Deal,Enterprise
CRM-782950,Retained,Long-tail
CRM-1516250,Retained,Enterprise
CRM-5599400,Onboarding,Semi-Enterprise
CRM-5603000,Retained,Long-tail
CRM-1481950,Retained,Enterprise
CRM-1171350,Churn,Long-tail
CRM-1476350,Retained,Long-tail
CRM-1470150,Retained,Semi-Enterprise
CRM-754150,Churn,Long-tail
CRM-1502000,Churn,Long-tail
CRM-927650,Churn,Long-tail
CRM-1559650,Onboarding,Semi-Enterprise
CRM-542800,Churn,Semi-Enterprise
CRM-557000,Retained,Semi-Enterprise
CRM-1507950,Retained,Enterprise
CRM-152800,Churn,Long-tail
CRM-1466600,Retained,Enterprise
CRM-1476100,Churn,Long-tail
CRM-1538950,Retained,Enterprise
CRM-1605450,Onboarding,Semi-Enterprise
CRM-1525900,Retained,Enterprise
CRM-1510300,Retained,Semi-Enterprise
CRM-1510350,Churn,Semi-Enterprise
CRM-755350,Churn,Semi-Enterprise
CRM-1450450,Retained,Enterprise
CRM-476800,Churn,Long-tail
CRM-201850,Churn,Long-tail
CRM-551500,Churn,Long-tail
CRM-1530500,Retained,Enterprise
CRM-651400,Churn,Enterprise
CRM-1512900,Onboarding,Enterprise
CRM-270350,Churn,Semi-Enterprise
CRM-285550,Churn,Long-tail
CRM-270850,Churn,Long-tail
CRM-200600,Churn,Long-tail
CRM-1528200,Retained,Semi-Enterprise
CRM-1357700,Churn,Long-tail
CRM-238550,Retained,Enterprise
CRM-1057850,Churn,Enterprise
CRM-490450,Churn,Long-tail
CRM-1332850,Churn,Semi-Enterprise
CRM-1446250,Retained,Semi-Enterprise
CRM-1499800,Retained,Enterprise
CRM-643900,Churn,Long-tail
CRM-735850,Retained,Long-tail
CRM-1544700,Onboarding,Enterprise
CRM-155700,Churn,Long-tail
CRM-1514950,Onboarding,Enterprise
CRM-1467200,Retained,Long-tail
CRM-1278700,Incomplete Deal,Enterprise
CRM-1484400,Onboarding,Enterprise
CRM-278850,Churn,Long-tail
CRM-1451000,Churn,Enterprise
CRM-1572600,Retained,Long-tail
CRM-1443500,Churn,Long-tail
CRM-250400,Churn,Long-tail
CRM-5607950,Onboarding,Long-tail
CRM-1546550,Onboarding,Semi-Enterprise
CRM-1441850,Churn,Semi-Enterprise
CRM-1441900,Churn,Long-tail
CRM-1567500,Onboarding,Enterprise
CRM-1442000,Churn,Long-tail
CRM-1567550,Onboarding,Enterprise
CRM-763850,Retained,Enterprise
CRM-1505950,Retained,Enterprise
CRM-1437100,Retained,Enterprise
CRM-1557400,Churn,Semi-Enterprise
CRM-1528050,Retained,Long-tail
CRM-1536050,Churn,Enterprise
CRM-1469150,Churn,Semi-Enterprise
CRM-1461150,Retained,Semi-Enterprise
CRM-300000,Churn,Long-tail
CRM-365450,Churn,Semi-Enterprise
CRM-1487850,Churn,Long-tail
CRM-1586900,Retained,Enterprise
CRM-1470600,Churn,Long-tail
CRM-1198150,Churn,Long-tail
CRM-459900,Churn,Long-tail
CRM-1470900,Onboarding,Semi-Enterprise
CRM-1235500,Retained,Long-tail
CRM-1484800,Churn,Semi-Enterprise
CRM-591550,Churn,Long-tail
CRM-315700,Churn,Long-tail
CRM-1510150,Retained,Enterprise
CRM-1471300,Retained,Enterprise
CRM-1508200,Retained,Enterprise
CRM-1479850,Retained,Semi-Enterprise
CRM-1455100,Retained,Enterprise
CRM-1493800,Churn,Enterprise
CRM-1446500,Retained,Enterprise
CRM-1469300,Retained,Long-tail
CRM-1513900,Retained,Enterprise
CRM-1526350,Retained,Semi-Enterprise
CRM-511950,Retained,Enterprise
CRM-158600,Retained,Enterprise
CRM-1458750,Churn,Long-tail
CRM-1551900,Onboarding,Long-tail
CRM-1529450,Churn,Semi-Enterprise
CRM-287300,Churn,Long-tail
CRM-1597250,Retained,Semi-Enterprise
CRM-1459400,Retained,Long-tail
CRM-1559700,Onboarding,Enterprise
CRM-469700,Churn,Long-tail
CRM-1478950,Churn,Long-tail
CRM-264250,Churn,Long-tail
CRM-1477950,Churn,Semi-Enterprise
CRM-1560200,Onboarding,Long-tail
CRM-1477650,Retained,Long-tail
#N/A,Onboarding,Long-tail
CRM-879750,Retained,Semi-Enterprise
CRM-1544450,Retained,Long-tail
CRM-166950,Contract Confirmation,Long-tail
CRM-340450,Retained,Semi-Enterprise
CRM-960300,Retained,Semi-Enterprise
CRM-361450,Churn,Semi-Enterprise
CRM-597400,Churn,Long-tail
CRM-1559100,Retained,Enterprise
CRM-223950,Churn,Long-tail
CRM-1146150,Churn,Semi-Enterprise
CRM-589150,Retained,Semi-Enterprise
CRM-294600,Retained,Enterprise
CRM-280750,Retained,Enterprise
CRM-1088600,Churn,Enterprise
CRM-309800,Churn,Long-tail
CRM-457850,Churn,Long-tail
CRM-1449250,Incomplete Deal,Long-tail
CRM-1525450,Retained,Enterprise
CRM-1520950,Retained,Semi-Enterprise
CRM-596250,Churn,Long-tail
CRM-1474250,Retained,Enterprise
CRM-1446450,Retained,Enterprise
CRM-954600,Churn,Long-tail
CRM-1510850,Retained,Enterprise
CRM-1203300,Retained,Enterprise
CRM-1508000,Retained,Enterprise
CRM-635550,Churn,Semi-Enterprise
CRM-1530900,Retained,Semi-Enterprise
CRM-1486400,Churn,Semi-Enterprise
CRM-159900,Churn,Long-tail
CRM-1488100,Churn,Enterprise
CRM-1440700,Churn,Enterprise
CRM-1441650,Onboarding,Enterprise
CRM-1490250,Retained,Long-tail
CRM-1502950,Retained,Semi-Enterprise
CRM-335900,Churn,Enterprise
CRM-1449000,Churn,Semi-Enterprise
CRM-1449050,Churn,Semi-Enterprise
CRM-1451300,Churn,Semi-Enterprise
CRM-174550,Churn,Long-tail
CRM-1499500,Retained,Long-tail
CRM-185850,Churn,Long-tail
CRM-436250,Churn,Long-tail
CRM-162100,Retained,Enterprise
CRM-923750,Churn,Long-tail
CRM-863400,Churn,Long-tail
CRM-1524000,Retained,Enterprise
CRM-1080950,Churn,Long-tail
CRM-338700,Retained,Long-tail
CRM-1429300,Retained,Long-tail
CRM-1473900,Retained,Enterprise
CRM-477400,Churn,Long-tail
CRM-176550,Churn,Semi-Enterprise
CRM-1465050,Churn,Semi-Enterprise
CRM-477600,Churn,Semi-Enterprise
CRM-292700,Churn,Semi-Enterprise
CRM-534950,Churn,Long-tail
CRM-834400,Churn,Long-tail
CRM-537550,Churn,Enterprise
CRM-1490900,Retained,Semi-Enterprise
CRM-1456400,Churn,Semi-Enterprise
CRM-1486300,Retained,Enterprise
CRM-463400,Retained,Enterprise
CRM-1179250,Churn,Long-tail
CRM-1457200,Churn,Long-tail
CRM-1461500,Retained,Long-tail
CRM-1474350,Retained,Long-tail
CRM-268600,Churn,Long-tail
CRM-1468600,Churn,Enterprise
CRM-1488150,Churn,Enterprise
CRM-296200,Churn,Long-tail
CRM-514050,Churn,Long-tail
CRM-362300,Retained,Enterprise
CRM-1336650,Onboarding,Enterprise
CRM-1495450,Retained,Enterprise
CRM-855400,Churn,Semi-Enterprise
CRM-1560750,Onboarding,Semi-Enterprise
CRM-692150,Retained,Enterprise
CRM-1186150,Churn,Long-tail
CRM-206250,Churn,Long-tail
CRM-502250,Churn,Enterprise
CRM-1189650,Retained,Enterprise
CRM-1512050,Onboarding,Enterprise
CRM-1512100,Onboarding,Enterprise
CRM-1352350,Retained,Enterprise
CRM-1352250,Retained,Enterprise
CRM-1477700,Retained,Enterprise
CRM-1477750,Retained,Enterprise
CRM-1129750,Retained,Enterprise
CRM-1352450,Retained,Enterprise
CRM-1477800,Retained,Enterprise
CRM-1477500,Retained,Enterprise
CRM-1477850,Retained,Enterprise
CRM-1352400,Retained,Enterprise
CRM-1477900,Retained,Enterprise
CRM-1477550,Retained,Enterprise
CRM-160350,Churn,Enterprise
CRM-158550,Churn,Semi-Enterprise
CRM-1585900,Onboarding,Enterprise
CRM-1172200,Retained,Enterprise
CRM-1456250,Retained,Enterprise
CRM-1489600,Retained,Semi-Enterprise
CRM-667900,Retained,Semi-Enterprise
CRM-208300,Retained,Long-tail
CRM-1543950,Contract Confirmation,Enterprise
CRM-1414650,Churn,Semi-Enterprise
CRM-271600,Retained,Enterprise
CRM-645900,Retained,Long-tail
CRM-1429750,Churn,Long-tail
CRM-1487350,Retained,Enterprise
CRM-1521550,Retained,Enterprise
CRM-1174050,Retained,Enterprise
CRM-1162550,Retained,Enterprise
CRM-1174150,Retained,Enterprise
CRM-1521600,Churn,Enterprise
CRM-1430500,Retained,Semi-Enterprise
CRM-439200,Churn,Long-tail
CRM-1442750,Churn,Long-tail
CRM-1438550,Retained,Enterprise
CRM-1521400,Onboarding,Enterprise
CRM-1442600,Retained,Enterprise
CRM-764550,Churn,Long-tail
CRM-200300,Churn,Enterprise
CRM-743950,Churn,Enterprise
CRM-1516950,Onboarding,Long-tail
CRM-1293350,Churn,Enterprise
CRM-454800,Churn,Long-tail
CRM-351800,Churn,Enterprise
CRM-1474600,Retained,Enterprise
CRM-1444750,Retained,Semi-Enterprise
CRM-1558100,Retained,Enterprise
CRM-1466150,Retained,Enterprise
CRM-457100,Churn,Enterprise
CRM-606300,Churn,Enterprise
CRM-1252550,Retained,Enterprise
CRM-270250,Churn,Semi-Enterprise
CRM-322450,Churn,Enterprise
CRM-634000,Onboarding,Enterprise
CRM-753450,Churn,Long-tail
CRM-1470750,Retained,Enterprise
CRM-1486850,Retained,Enterprise
CRM-1520150,Churn,Long-tail
CRM-396600,Churn,Long-tail
CRM-1520200,Onboarding,Long-tail
CRM-1509950,Churn,Long-tail
CRM-519900,Churn,Long-tail
CRM-152200,Churn,Long-tail
CRM-1056700,Churn,Enterprise
CRM-999900,Retained,Semi-Enterprise
CRM-998800,Retained,Enterprise
CRM-490200,Retained,Enterprise
CRM-1488500,Churn,Long-tail
CRM-1056750,Churn,Enterprise
CRM-758650,Churn,Long-tail
CRM-1570150,Onboarding,Enterprise
CRM-1513450,Retained,Enterprise
CRM-1304550,Churn,Long-tail
CRM-1542650,Retained,Enterprise
CRM-1545200,Churn,Enterprise
CRM-1491750,Retained,Semi-Enterprise
CRM-1457100,Churn,Semi-Enterprise
CRM-1493200,Retained,Semi-Enterprise
CRM-157600,Churn,Long-tail
CRM-1461950,Retained,Long-tail
CRM-1359400,Churn,Semi-Enterprise
CRM-166250,Retained,Enterprise
CRM-1520700,Retained,Enterprise
CRM-1469700,Churn,Long-tail
CRM-494000,Churn,Long-tail
CRM-1501150,Retained,Enterprise
CRM-154050,Churn,Long-tail
CRM-1482250,Retained,Long-tail
CRM-1483100,Retained,Long-tail
CRM-1519450,Retained,Enterprise
CRM-386800,Churn,Long-tail
CRM-1480850,Churn,Semi-Enterprise
CRM-1463200,Churn,Long-tail
CRM-1501700,Retained,Semi-Enterprise
CRM-1472300,Retained,Enterprise
CRM-1537900,Onboarding,Semi-Enterprise
CRM-1565900,Onboarding,Semi-Enterprise
CRM-177450,Churn,Long-tail
CRM-362250,Churn,Long-tail
CRM-1158750,Churn,Long-tail
CRM-1501250,Retained,Long-tail
CRM-1474550,Churn,Long-tail
CRM-151050,Churn,Long-tail
CRM-151150,Retained,Enterprise
CRM-778300,Retained,Enterprise
CRM-1595650,Onboarding,Enterprise
CRM-543000,Churn,Long-tail
CRM-542900,Churn,Long-tail
CRM-542950,Churn,Long-tail
CRM-542850,Churn,Long-tail
CRM-1478550,Retained,Semi-Enterprise
CRM-159000,Churn,Long-tail
CRM-1554100,Incomplete Deal,Enterprise
CRM-1522550,Retained,Semi-Enterprise
CRM-1495700,Churn,Long-tail
CRM-1607250,Onboarding,Enterprise
CRM-1446550,Retained,Enterprise
CRM-1562300,Onboarding,Semi-Enterprise
CRM-154000,Churn,Long-tail
CRM-162200,Churn,Enterprise
CRM-1146250,Churn,Long-tail
CRM-1414950,Retained,Enterprise
CRM-1462300,Retained,Semi-Enterprise
CRM-151550,Churn,Long-tail
CRM-314750,Retained,Semi-Enterprise
CRM-157550,Churn,Long-tail
CRM-417250,Churn,Long-tail
CRM-1492350,Incomplete Deal,Long-tail
CRM-316700,Churn,Long-tail
CRM-418100,Churn,Long-tail
CRM-1305500,Churn,Long-tail
CRM-1471700,Onboarding,Enterprise
CRM-609750,Churn,Long-tail
CRM-1451950,Churn,Long-tail
CRM-404400,Churn,Long-tail
CRM-1585950,Onboarding,Enterprise
CRM-253750,Churn,Enterprise
CRM-1485700,In Opportunity Pipeline,Long-tail
CRM-1521650,Churn,Enterprise
CRM-533750,Retained,Long-tail
CRM-1471450,Churn,Long-tail
CRM-1526150,Retained,Semi-Enterprise
CRM-610450,Churn,Long-tail
CRM-1528400,Retained,Enterprise
CRM-1493100,Retained,Semi-Enterprise
CRM-241450,Retained,Semi-Enterprise
CRM-746700,Churn,Long-tail
CRM-1559850,Onboarding,Enterprise
CRM-1466450,Retained,Enterprise
CRM-586750,Churn,Long-tail
CRM-155800,Churn,Enterprise
CRM-1551150,Onboarding,Enterprise
CRM-1524100,Retained,Enterprise
CRM-5600500,Retained,Semi-Enterprise
CRM-998500,Churn,Long-tail
CRM-1490600,Churn,Long-tail
CRM-1525550,Retained,Long-tail
CRM-362050,Churn,Enterprise
CRM-1543200,Retained,Enterprise
CRM-157500,Churn,Long-tail
CRM-1536250,Retained,Long-tail
CRM-1462050,Churn,Long-tail
CRM-777900,Retained,Long-tail
CRM-5601600,Onboarding,Enterprise
CRM-1577050,Onboarding,Enterprise
CRM-639450,Churn,Enterprise
CRM-1553650,Onboarding,Semi-Enterprise
CRM-229900,Churn,Semi-Enterprise
CRM-683100,Retained,Semi-Enterprise
CRM-229950,Retained,Semi-Enterprise
CRM-633500,Churn,Long-tail
CRM-571400,Churn,Long-tail
CRM-1496700,Retained,Enterprise
CRM-376750,Churn,Long-tail
CRM-1567600,Onboarding,Enterprise
CRM-304750,Retained,Semi-Enterprise
CRM-1166050,Churn,Enterprise
CRM-1444300,Onboarding,Semi-Enterprise
CRM-806850,Retained,Enterprise
CRM-807100,Retained,Enterprise
CRM-152050,Retained,Enterprise
CRM-1508250,Retained,Enterprise
CRM-1510050,Onboarding,Long-tail
CRM-1510100,Onboarding,Long-tail
CRM-804150,Churn,Semi-Enterprise
CRM-1165300,Churn,Long-tail
CRM-199600,Churn,Semi-Enterprise
CRM-1536300,Onboarding,Semi-Enterprise
CRM-1445600,Churn,Semi-Enterprise
CRM-1537400,Onboarding,Semi-Enterprise
CRM-1549400,Retained,Enterprise
CRM-1206000,Churn,Semi-Enterprise
CRM-1543250,Onboarding,Long-tail
CRM-704850,Churn,Semi-Enterprise
CRM-1487750,Retained,Enterprise
CRM-1453950,Onboarding,Enterprise
CRM-221850,Churn,Long-tail
CRM-1052100,Retained,Semi-Enterprise
CRM-158500,Churn,Long-tail
CRM-1584050,Onboarding,Enterprise
CRM-907250,Churn,Long-tail
CRM-895150,Churn,Enterprise
CRM-627000,Retained,Enterprise
CRM-386750,Churn,Long-tail
CRM-1570200,Onboarding,Enterprise
CRM-954250,Churn,Semi-Enterprise
CRM-1450850,Retained,Semi-Enterprise
CRM-1482700,Retained,Semi-Enterprise
CRM-680600,Churn,Long-tail
CRM-1479950,Churn,Semi-Enterprise
CRM-300950,Churn,Long-tail
CRM-851850,Churn,Long-tail
CRM-262600,Churn,Long-tail
CRM-579150,Churn,Enterprise
CRM-372400,Churn,Long-tail
CRM-1506700,Onboarding,Enterprise
CRM-1518200,Retained,Long-tail
CRM-264050,Churn,Long-tail
CRM-1281350,Churn,Long-tail
CRM-160550,Retained,Enterprise
CRM-574650,Churn,Long-tail
CRM-1435450,Retained,Enterprise
CRM-667600,Churn,Long-tail
CRM-613050,Contract Confirmation,Semi-Enterprise
CRM-338100,Retained,Enterprise
CRM-186450,Churn,Long-tail
CRM-156450,Churn,Long-tail
CRM-1559150,Retained,Enterprise
CRM-514000,Churn,Long-tail
CRM-159300,Retained,Long-tail
CRM-1459950,Churn,Semi-Enterprise
CRM-1471750,Churn,Enterprise
CRM-5605750,Onboarding,Enterprise
CRM-1484500,Retained,Enterprise
CRM-831150,Churn,Semi-Enterprise
CRM-1554050,Retained,Enterprise
CRM-166150,Retained,Enterprise
CRM-1558000,Retained,Enterprise
CRM-1568150,Retained,Enterprise
CRM-1473700,Retained,Semi-Enterprise
CRM-1472600,Retained,Enterprise
CRM-1288550,Incomplete Deal,Enterprise
CRM-1479550,In Opportunity Pipeline,Enterprise
CRM-1430600,Churn,Semi-Enterprise
CRM-240400,Churn,Long-tail
CRM-927450,Churn,Enterprise
CRM-924350,Churn,Long-tail
CRM-1520050,Retained,Enterprise
CRM-166700,Retained,Enterprise
CRM-602800,Churn,Long-tail
CRM-1347050,Retained,Long-tail
CRM-1526650,Retained,Enterprise
CRM-1455650,Retained,Enterprise
CRM-1450750,Retained,Enterprise
CRM-201750,Churn,Long-tail
CRM-856700,Churn,Long-tail
CRM-254800,Churn,Long-tail
CRM-1078050,Churn,Long-tail
CRM-1078150,Churn,Long-tail
CRM-1078100,Churn,Semi-Enterprise
CRM-175950,Churn,Long-tail
CRM-295550,Churn,Long-tail
CRM-1510900,Retained,Enterprise
CRM-1470700,Churn,Semi-Enterprise
CRM-1607700,Onboarding,Enterprise
CRM-1531250,Retained,Enterprise
CRM-1052000,Retained,Semi-Enterprise
CRM-470900,Churn,Long-tail
CRM-1474650,Churn,Long-tail
CRM-1449800,Churn,Semi-Enterprise
CRM-661200,Contract Confirmation,Long-tail
CRM-1511350,Retained,Enterprise
CRM-437300,Churn,Long-tail
CRM-1068750,Retained,Enterprise
CRM-1475750,Retained,Enterprise
CRM-597950,Churn,Long-tail
CRM-1599300,Onboarding,Long-tail
CRM-1472650,Retained,Semi-Enterprise
CRM-1205200,Retained,Semi-Enterprise
CRM-1462800,In Opportunity Pipeline,Semi-Enterprise
CRM-1473300,Churn,Enterprise
CRM-1438700,Onboarding,Enterprise
CRM-1440250,Onboarding,Enterprise
CRM-160150,Retained,Enterprise
CRM-1134350,Retained,Enterprise
CRM-5603350,Contract Confirmation,Semi-Enterprise
CRM-1558150,Onboarding,Enterprise
CRM-1558200,Onboarding,Enterprise
CRM-1558250,Onboarding,Enterprise
CRM-1558300,Onboarding,Enterprise
CRM-1558350,Onboarding,Enterprise
CRM-1558400,Onboarding,Enterprise
CRM-1558450,Onboarding,Enterprise
CRM-1558500,Onboarding,Enterprise
CRM-1558550,Onboarding,Enterprise
CRM-1558600,Onboarding,Enterprise
CRM-1558650,Onboarding,Enterprise
CRM-1558700,Onboarding,Enterprise
CRM-1558750,Onboarding,Enterprise
CRM-1558800,Onboarding,Enterprise
CRM-1558850,Onboarding,Enterprise
CRM-1559600,Onboarding,Enterprise
CRM-1558900,Onboarding,Enterprise
CRM-1558950,Onboarding,Enterprise
CRM-1559000,Onboarding,Enterprise
CRM-1535750,Onboarding,Enterprise
CRM-1480300,Retained,Long-tail
CRM-1500650,Retained,Semi-Enterprise
CRM-1463500,Churn,Long-tail
CRM-537150,Churn,Semi-Enterprise
CRM-896100,Churn,Long-tail
CRM-1450100,Retained,Enterprise
CRM-163950,Churn,Long-tail
CRM-372600,Churn,Long-tail
CRM-1040600,Retained,Enterprise
CRM-1030300,Retained,Enterprise
CRM-992450,Retained,Enterprise
CRM-1025800,Retained,Semi-Enterprise
CRM-792350,Retained,Enterprise
CRM-1444500,Churn,Enterprise
CRM-711000,Retained,Enterprise
CRM-1047150,Retained,Enterprise
CRM-832650,Retained,Enterprise
CRM-165650,Churn,Long-tail
CRM-1489750,Retained,Enterprise
CRM-332050,Retained,Enterprise
CRM-292450,Churn,Long-tail
CRM-1564700,Retained,Semi-Enterprise
CRM-1482950,Churn,Semi-Enterprise
CRM-1554550,Onboarding,Enterprise
CRM-1600250,Onboarding,Long-tail
CRM-519500,Churn,Enterprise
CRM-1262600,Retained,Enterprise
CRM-157750,Retained,Long-tail
CRM-463450,Retained,Enterprise
CRM-1452000,In Opportunity Pipeline,Enterprise
CRM-1520300,Churn,Semi-Enterprise
CRM-1452700,Retained,Enterprise
CRM-189700,Retained,Long-tail
CRM-276850,Churn,Long-tail
CRM-1469200,Churn,Long-tail
CRM-781400,Churn,Enterprise
CRM-1492600,Retained,Enterprise
CRM-1525000,Retained,Enterprise
CRM-423950,Churn,Long-tail
CRM-1572850,Onboarding,Enterprise
CRM-156650,Retained,Enterprise
CRM-1536400,Retained,Long-tail
CRM-1516900,Retained,Semi-Enterprise
CRM-271500,Churn,Enterprise
CRM-1467600,Churn,Long-tail
CRM-548200,Churn,Semi-Enterprise
CRM-314850,Retained,Long-tail
CRM-1484250,Churn,Enterprise
CRM-820450,Churn,Semi-Enterprise
CRM-1011600,Churn,Long-tail
CRM-814900,Churn,Long-tail
CRM-555350,Churn,Semi-Enterprise
CRM-1524250,Onboarding,Enterprise
CRM-1420550,Incomplete Deal,Long-tail
CRM-1525950,Retained,Long-tail
CRM-812200,Retained,Enterprise
CRM-556650,Churn,Long-tail
CRM-1574100,Retained,Enterprise
CRM-5604900,Onboarding,Enterprise
CRM-1503300,Churn,Long-tail
CRM-1478050,Retained,Enterprise
CRM-1457050,Retained,Enterprise
CRM-1466200,Retained,Semi-Enterprise
CRM-1449350,Churn,Semi-Enterprise
CRM-820800,Churn,Enterprise
CRM-1585050,Onboarding,Enterprise
CRM-1006000,Retained,Semi-Enterprise
CRM-242750,Churn,Long-tail
CRM-244800,Retained,Enterprise
CRM-695600,Churn,Long-tail
CRM-1486900,Onboarding,Enterprise
CRM-1487100,Onboarding,Enterprise
CRM-1486950,Onboarding,Enterprise
CRM-1487000,Onboarding,Enterprise
CRM-1032150,Retained,Long-tail
CRM-316200,Churn,Long-tail
CRM-479050,Churn,Long-tail
CRM-1169900,Churn,Semi-Enterprise
CRM-156400,Retained,Enterprise
CRM-153450,Churn,Long-tail
CRM-1469800,Retained,Semi-Enterprise
CRM-1494650,Retained,Semi-Enterprise
CRM-484400,Churn,Long-tail
CRM-1448950,Churn,Long-tail
CRM-1440200,Churn,Long-tail
CRM-1459550,Retained,Enterprise
CRM-613000,Churn,Long-tail
CRM-1468250,Churn,Semi-Enterprise
CRM-703000,Retained,Semi-Enterprise
CRM-1457850,Churn,Enterprise
CRM-156000,Retained,Semi-Enterprise
CRM-424350,Retained,Enterprise
CRM-547450,Retained,Enterprise
CRM-1293150,Retained,Enterprise
CRM-1447350,Retained,Enterprise
CRM-1447450,Churn,Long-tail
CRM-513800,Churn,Enterprise
CRM-291650,Retained,Enterprise
CRM-1091250,Retained,Enterprise
CRM-1447700,Retained,Enterprise
CRM-417200,Retained,Enterprise
CRM-424300,Retained,Enterprise
CRM-1485800,Retained,Semi-Enterprise
CRM-937700,Churn,Semi-Enterprise
CRM-467000,Retained,Semi-Enterprise
CRM-462250,Retained,Semi-Enterprise
CRM-166400,Retained,Enterprise
CRM-259200,Churn,Long-tail
CRM-1446600,Retained,Enterprise
CRM-5602550,Onboarding,Long-tail
CRM-1517550,Churn,Long-tail
CRM-1501050,Retained,Semi-Enterprise
CRM-1359000,Retained,Long-tail
CRM-1488650,Onboarding,Enterprise
CRM-1503700,Onboarding,Semi-Enterprise
CRM-803200,Churn,Long-tail
CRM-1506350,Churn,Enterprise
CRM-1160900,Retained,Enterprise
CRM-158350,Churn,Long-tail
CRM-1459700,Churn,Enterprise
CRM-1444550,Churn,Semi-Enterprise
CRM-1481650,Incomplete Deal,Long-tail
CRM-260600,Churn,Long-tail
CRM-1437250,Churn,Enterprise
CRM-768850,Retained,Enterprise
CRM-1455250,Churn,Enterprise
CRM-1464200,Retained,Long-tail
CRM-1499350,Retained,Long-tail
CRM-1496100,Retained,Enterprise
CRM-1496150,Retained,Enterprise
CRM-1496200,Retained,Enterprise
CRM-1496350,Retained,Enterprise
CRM-1493150,Retained,Enterprise
CRM-1496750,Retained,Enterprise
CRM-1474500,Churn,Long-tail
CRM-639850,Churn,Long-tail
CRM-998550,Churn,Long-tail
CRM-1530650,Retained,Enterprise
CRM-640000,Churn,Long-tail
CRM-1552800,Retained,Semi-Enterprise
CRM-965750,Churn,Semi-Enterprise
CRM-1515950,Churn,Semi-Enterprise
CRM-271550,Retained,Enterprise
CRM-1448800,Churn,Enterprise
CRM-1468300,Retained,Enterprise
CRM-1610600,PoC,Enterprise
CRM-1471800,Onboarding,Enterprise
CRM-606600,Retained,Enterprise
CRM-1484300,Churn,Semi-Enterprise
CRM-1480050,Churn,Semi-Enterprise
CRM-1440950,Churn,Enterprise
CRM-1510600,Retained,Enterprise
CRM-158250,Retained,Enterprise
CRM-586000,Churn,Long-tail
CRM-319550,Churn,Long-tail
CRM-955850,Retained,Semi-Enterprise
CRM-319450,Churn,Long-tail
CRM-292000,Churn,Long-tail
CRM-515000,Churn,Long-tail
CRM-1453750,Onboarding,Enterprise
CRM-1283250,Retained,Enterprise
CRM-1464100,Retained,Enterprise
CRM-155500,Churn,Long-tail
CRM-1500700,Retained,Enterprise
CRM-1486000,Churn,Long-tail
CRM-1482400,Retained,Enterprise
CRM-793100,Churn,Enterprise
CRM-1130300,Churn,Enterprise
CRM-5602250,Onboarding,Semi-Enterprise
CRM-1520750,Retained,Enterprise
CRM-1443200,Retained,Semi-Enterprise
CRM-160000,Retained,Semi-Enterprise
CRM-169100,Retained,Enterprise
CRM-153500,Churn,Long-tail
CRM-1435350,Retained,Enterprise
CRM-1497950,Onboarding,Enterprise
CRM-330400,Churn,Semi-Enterprise
CRM-1495850,Retained,Enterprise
CRM-1495900,Retained,Enterprise
CRM-1483450,Retained,Enterprise
CRM-5603950,Onboarding,Enterprise
CRM-5604000,Onboarding,Enterprise
CRM-5603900,Onboarding,Enterprise
CRM-5603850,Onboarding,Enterprise
CRM-1487950,Churn,Enterprise
CRM-5604550,Onboarding,Enterprise
CRM-5605850,Onboarding,Enterprise
CRM-1488200,Churn,Enterprise
CRM-1552750,Onboarding,Long-tail
CRM-362650,Retained,Long-tail
CRM-1285450,Churn,Long-tail
CRM-156850,Churn,Long-tail
CRM-1577450,Onboarding,Enterprise
CRM-1488000,Churn,Enterprise
CRM-355700,Churn,Enterprise
CRM-460000,Churn,Semi-Enterprise
CRM-1577700,Onboarding,Enterprise
CRM-602150,Churn,Long-tail
CRM-313500,Churn,Long-tail
CRM-1513950,Retained,Enterprise
CRM-1473400,Retained,Long-tail
CRM-230450,Retained,Semi-Enterprise
CRM-1502350,Churn,Enterprise
CRM-1507850,Retained,Semi-Enterprise
CRM-1502400,Churn,Enterprise
CRM-1452550,Churn,Enterprise
CRM-1502450,Churn,Enterprise
CRM-1502500,Churn,Enterprise
CRM-1452600,Churn,Enterprise
CRM-796500,Churn,Enterprise
CRM-186350,Churn,Semi-Enterprise
CRM-331650,Retained,Long-tail
CRM-1279700,Retained,Enterprise
CRM-1072950,Churn,Enterprise
CRM-381600,Retained,Long-tail
CRM-1414450,Churn,Enterprise
CRM-1508050,Retained,Enterprise
CRM-1454950,Onboarding,Semi-Enterprise
CRM-362350,Churn,Long-tail
CRM-1514300,Churn,Semi-Enterprise
CRM-1493350,Incomplete Deal,Long-tail
CRM-5603100,Retained,Long-tail
CRM-1456000,Churn,Enterprise
CRM-1557750,Retained,Semi-Enterprise
CRM-1479600,Retained,Semi-Enterprise
CRM-1559400,Onboarding,Long-tail
CRM-1477300,Retained,Enterprise
CRM-1488250,Churn,Enterprise
CRM-1473050,Churn,Semi-Enterprise
CRM-1357850,Retained,Enterprise
CRM-1493500,Retained,Enterprise
CRM-326850,Churn,Long-tail
CRM-219700,Churn,Long-tail
CRM-176000,Churn,Long-tail
CRM-1496850,Retained,Enterprise
CRM-1179100,Retained,Semi-Enterprise
CRM-1104650,Churn,Enterprise
CRM-1360450,Churn,Long-tail
CRM-1492650,Churn,Long-tail
CRM-155750,Churn,Long-tail
CRM-1194200,Churn,Semi-Enterprise
CRM-398000,Retained,Enterprise
CRM-1239150,Churn,Long-tail
CRM-156500,Churn,Long-tail
CRM-1488600,Retained,Long-tail
CRM-5603550,Onboarding,Long-tail
CRM-1463000,Retained,Enterprise
CRM-470950,Churn,Long-tail
CRM-460950,Churn,Long-tail
CRM-1489300,Retained,Enterprise
CRM-1489350,Retained,Enterprise
CRM-1465150,Retained,Enterprise
CRM-287050,Churn,Long-tail
CRM-1270150,Retained,Semi-Enterprise
CRM-800300,Churn,Semi-Enterprise
CRM-1329600,Churn,Semi-Enterprise
CRM-1484050,Onboarding,Semi-Enterprise
CRM-1299750,Churn,Semi-Enterprise
CRM-183600,Churn,Long-tail
CRM-1507400,Contract Confirmation,Semi-Enterprise
CRM-159100,Churn,Long-tail
CRM-245100,Churn,Long-tail
CRM-639700,Churn,Long-tail
CRM-1529600,Retained,Enterprise
CRM-1544800,Retained,Enterprise
CRM-1378450,Churn,Enterprise
CRM-1573500,Retained,Enterprise
CRM-1573550,Onboarding,Enterprise
CRM-1482750,Churn,Semi-Enterprise
CRM-1488050,Churn,Enterprise
CRM-1559200,Retained,Enterprise
CRM-1553500,Onboarding,Semi-Enterprise
CRM-594050,Churn,Long-tail
CRM-1511000,Churn,Semi-Enterprise
CRM-343450,Churn,Long-tail
CRM-1598800,Onboarding,Long-tail
CRM-1563250,Onboarding,Long-tail
CRM-1029150,Churn,Semi-Enterprise
CRM-1516650,Retained,Enterprise
CRM-1562100,Onboarding,Long-tail
CRM-1476700,Churn,Long-tail
CRM-152100,Churn,Long-tail
CRM-1502150,Retained,Semi-Enterprise
CRM-237500,Churn,Long-tail
CRM-545150,Churn,Semi-Enterprise
CRM-231050,Churn,Long-tail
CRM-552450,Churn,Long-tail
CRM-153100,Churn,Long-tail
CRM-1552650,Onboarding,Enterprise
CRM-262550,Churn,Long-tail
CRM-1577100,Retained,Enterprise
CRM-1538600,Retained,Enterprise
CRM-1471100,Retained,Enterprise
CRM-1562000,Retained,Semi-Enterprise
CRM-1451700,Retained,Enterprise
CRM-888350,Retained,Long-tail
CRM-1345100,Churn,Long-tail
CRM-288100,Churn,Long-tail
CRM-1453800,Retained,Long-tail
CRM-158200,Churn,Long-tail
CRM-1476500,Retained,Enterprise
CRM-1189700,Churn,Long-tail
CRM-1508450,Churn,Enterprise
CRM-1503750,Retained,Enterprise
CRM-1503800,Retained,Enterprise
CRM-1503100,Retained,Enterprise
CRM-1503850,Retained,Enterprise
CRM-1472500,Retained,Enterprise
CRM-1588400,Onboarding,Long-tail
CRM-1460750,Retained,Enterprise
CRM-240750,Churn,Semi-Enterprise
CRM-153900,Churn,Semi-Enterprise
CRM-1508300,Retained,Enterprise
CRM-1105700,Churn,Semi-Enterprise
CRM-1454600,Retained,Enterprise
CRM-1500000,Retained,Semi-Enterprise
CRM-1501400,Churn,Long-tail
CRM-1479350,Retained,Semi-Enterprise
#N/A,Onboarding,Long-tail
CRM-5605000,Onboarding,Long-tail
CRM-1459800,Churn,Long-tail
CRM-1492400,Churn,Semi-Enterprise
CRM-1514350,Churn,Semi-Enterprise
CRM-1508100,Retained,Enterprise
CRM-795950,Retained,Enterprise
CRM-1446350,Retained,Enterprise
CRM-1541800,Onboarding,Long-tail
CRM-1446100,Retained,Long-tail
CRM-278350,Churn,Long-tail
CRM-673950,Retained,Enterprise
CRM-1516800,Retained,Enterprise
CRM-257050,Retained,Enterprise
CRM-635300,Churn,Long-tail
CRM-390850,Churn,Long-tail
CRM-1503350,Churn,Long-tail
CRM-1512600,Churn,Semi-Enterprise
CRM-1544350,Retained,Semi-Enterprise
CRM-378500,Churn,Enterprise
CRM-1087500,Churn,Long-tail
CRM-311050,Churn,Long-tail
CRM-1513150,Churn,Semi-Enterprise
CRM-172150,Churn,Long-tail
CRM-1494600,Retained,Long-tail
CRM-159600,In Opportunity Pipeline,Long-tail
CRM-249050,Churn,Long-tail
CRM-1480750,Retained,Enterprise
CRM-152500,Churn,Long-tail
CRM-1277050,Churn,Long-tail
CRM-208800,Onboarding,Enterprise
CRM-154300,Churn,Semi-Enterprise
CRM-1543650,Retained,Semi-Enterprise
CRM-1543600,Onboarding,Semi-Enterprise
CRM-1543700,Onboarding,Semi-Enterprise
CRM-1543850,Onboarding,Semi-Enterprise
CRM-1543800,Onboarding,Semi-Enterprise
CRM-1497300,Retained,Enterprise
CRM-1298350,Churn,Long-tail
CRM-1597300,Retained,Long-tail
CRM-1317050,Retained,Enterprise
CRM-470350,Churn,Long-tail
CRM-347750,Churn,Long-tail
CRM-222250,Retained,Enterprise
CRM-1520800,Retained,Semi-Enterprise
CRM-950500,Churn,Semi-Enterprise
CRM-950450,Retained,Semi-Enterprise
CRM-1435500,Retained,Long-tail
CRM-1335000,Churn,Semi-Enterprise
CRM-1444350,Retained,Enterprise
CRM-378650,Churn,Long-tail
CRM-428600,Churn,Long-tail
CRM-1454700,Onboarding,Semi-Enterprise
CRM-1565550,Retained,Semi-Enterprise
CRM-434600,Retained,Enterprise
CRM-1452450,Churn,Semi-Enterprise
CRM-1010150,Retained,Long-tail
CRM-1484650,Churn,Semi-Enterprise
CRM-355600,Churn,Semi-Enterprise
CRM-355650,Churn,Long-tail
CRM-1499950,Retained,Long-tail
CRM-1513100,Retained,Long-tail
CRM-160500,Retained,Enterprise
CRM-160450,Retained,Enterprise
CRM-1454000,Churn,Long-tail
CRM-1459750,Churn,Long-tail
CRM-440850,Churn,Long-tail
CRM-1539500,Onboarding,Enterprise
CRM-732700,Churn,Long-tail
CRM-825500,Churn,Semi-Enterprise
CRM-265500,Churn,Long-tail
CRM-261450,Churn,Long-tail
CRM-1454750,Retained,Enterprise
CRM-241400,Retained,Enterprise
CRM-201900,Churn,Long-tail
CRM-169350,Churn,Semi-Enterprise
CRM-1553550,Incomplete Deal,Semi-Enterprise
CRM-249450,Churn,Long-tail
CRM-530450,Retained,Enterprise
CRM-151000,Churn,Long-tail
CRM-157400,Churn,Long-tail
CRM-1471850,Retained,Enterprise
CRM-735500,Churn,Enterprise
CRM-264900,Retained,Enterprise
CRM-237600,Retained,Semi-Enterprise
CRM-1482600,Churn,Semi-Enterprise
CRM-1478450,Retained,Long-tail
CRM-1554250,Onboarding,Enterprise
CRM-1586300,Onboarding,Semi-Enterprise
CRM-161200,Churn,Long-tail
CRM-1485100,Retained,Enterprise
CRM-268550,Retained,Semi-Enterprise
CRM-1537950,Onboarding,Semi-Enterprise
CRM-1454900,Churn,Semi-Enterprise
CRM-513950,Churn,Long-tail
CRM-1373550,Churn,Semi-Enterprise
CRM-1476950,Retained,Semi-Enterprise
CRM-1477000,Retained,Semi-Enterprise
CRM-1477050,Retained,Semi-Enterprise
CRM-1152000,Churn,Long-tail
CRM-1600650,Onboarding,Semi-Enterprise
CRM-157350,Churn,Long-tail
CRM-498050,Churn,Long-tail
CRM-1442450,Retained,Semi-Enterprise
CRM-1443550,Retained,Long-tail
CRM-1477450,Churn,Long-tail
CRM-174850,Churn,Long-tail
CRM-660400,Retained,Long-tail
CRM-261400,Churn,Long-tail
CRM-1450050,Churn,Long-tail
CRM-742850,Churn,Semi-Enterprise
CRM-1565600,Retained,Semi-Enterprise
CRM-1597350,Onboarding,Long-tail
CRM-1526250,Churn,Long-tail
CRM-300200,Churn,Long-tail
CRM-1474800,Churn,Semi-Enterprise
CRM-886850,Churn,Long-tail
CRM-1468550,Onboarding,Semi-Enterprise
CRM-1578450,Onboarding,Enterprise
CRM-1078250,Churn,Long-tail
CRM-1078400,Churn,Long-tail
CRM-1078300,Churn,Semi-Enterprise
CRM-1078450,Churn,Long-tail
CRM-361800,Retained,Long-tail
CRM-1531400,Onboarding,Long-tail
CRM-1485200,Onboarding,Long-tail
CRM-1479100,Retained,Long-tail
CRM-169650,Churn,Long-tail
CRM-1455200,Retained,Enterprise
CRM-157300,Churn,Long-tail
CRM-1023900,Churn,Long-tail
CRM-240000,Onboarding,Enterprise
CRM-1443000,Churn,Long-tail
CRM-1472750,Churn,Long-tail
CRM-183350,Churn,Long-tail
CRM-234950,Churn,Long-tail
CRM-1463050,Churn,Long-tail
CRM-1520350,Churn,Semi-Enterprise
CRM-272600,Retained,Semi-Enterprise
CRM-1091150,Retained,Enterprise
CRM-686250,Churn,Long-tail
CRM-166300,Retained,Enterprise
CRM-595750,Churn,Semi-Enterprise
CRM-1493450,Churn,Semi-Enterprise
CRM-1560250,Onboarding,Long-tail
CRM-1538350,Retained,Enterprise
CRM-1559750,Churn,Enterprise
CRM-482500,Churn,Long-tail
CRM-195300,Churn,Semi-Enterprise
CRM-1455450,Churn,Semi-Enterprise
CRM-1456900,Retained,Long-tail
CRM-1378600,Retained,Enterprise
CRM-1585400,Retained,Long-tail
CRM-312150,Churn,Long-tail
CRM-1477100,Churn,Enterprise
CRM-712600,Retained,Enterprise
CRM-162150,Churn,Long-tail
CRM-214800,Churn,Long-tail
CRM-314650,Churn,Long-tail
CRM-1560700,Retained,Semi-Enterprise
CRM-163750,In Opportunity Pipeline,Enterprise
CRM-496650,Churn,Semi-Enterprise
CRM-225550,Churn,Long-tail
CRM-1580150,Onboarding,Semi-Enterprise
CRM-1514850,Churn,Semi-Enterprise
CRM-1487900,Churn,Enterprise
CRM-1403300,Retained,Long-tail
CRM-1484600,Retained,Enterprise
CRM-1562450,Onboarding,Semi-Enterprise
CRM-281300,Retained,Enterprise
CRM-885100,Churn,Long-tail
CRM-463700,Churn,Long-tail
CRM-159450,Churn,Enterprise
CRM-156600,Churn,Long-tail
CRM-1490950,Retained,Enterprise
CRM-1491000,Retained,Enterprise
CRM-1473000,Retained,Enterprise
CRM-599300,Churn,Long-tail
CRM-195200,Churn,Long-tail
CRM-1190750,Churn,Long-tail
CRM-639400,Churn,Semi-Enterprise
CRM-1194100,Retained,Enterprise
CRM-1514900,Churn,Semi-Enterprise
CRM-1508950,Churn,Enterprise
CRM-1509300,Churn,Enterprise
CRM-1509350,Churn,Enterprise
CRM-1557800,Onboarding,Enterprise
CRM-1529300,Incomplete Deal,Enterprise
CRM-1480800,Churn,Semi-Enterprise
CRM-173800,Retained,Semi-Enterprise
CRM-635700,Churn,Semi-Enterprise
CRM-836050,Churn,Semi-Enterprise
CRM-836200,Churn,Long-tail
CRM-836250,Churn,Long-tail
CRM-836150,Churn,Long-tail
CRM-571300,Retained,Long-tail
CRM-1443750,Contract Confirmation,Long-tail
CRM-1435900,Incomplete Deal,Enterprise
CRM-1443150,Retained,Semi-Enterprise
CRM-1450600,Churn,Semi-Enterprise
CRM-1132850,Churn,Enterprise
CRM-563450,Retained,Enterprise
CRM-1567650,Onboarding,Enterprise
CRM-581600,Churn,Enterprise
CRM-1455900,Churn,Long-tail
CRM-524950,Churn,Enterprise
CRM-794700,Churn,Long-tail
CRM-1502200,Retained,Semi-Enterprise
CRM-1453500,Retained,Semi-Enterprise
CRM-159700,Churn,Semi-Enterprise
CRM-515050,Retained,Semi-Enterprise
CRM-1482650,Retained,Enterprise
CRM-752450,Churn,Long-tail
CRM-1561000,Onboarding,Long-tail
CRM-1472450,Churn,Enterprise
CRM-1488300,Churn,Enterprise
CRM-1467000,Churn,Semi-Enterprise
CRM-1517250,Retained,Enterprise
CRM-1517300,Retained,Enterprise
CRM-1511100,Retained,Semi-Enterprise
CRM-1468850,Churn,Semi-Enterprise
CRM-1468900,Retained,Enterprise
CRM-1468950,Onboarding,Enterprise
CRM-1459300,Retained,Semi-Enterprise
CRM-1450300,Retained,Enterprise
CRM-1444400,Retained,Enterprise
CRM-152450,Churn,Long-tail
CRM-1032050,Churn,Long-tail
CRM-483850,Churn,Long-tail
CRM-1393900,Retained,Semi-Enterprise
CRM-1580700,Retained,Semi-Enterprise
CRM-1577000,Incomplete Deal,Semi-Enterprise
CRM-912150,Retained,Enterprise
CRM-1291050,Retained,Enterprise
CRM-206600,Churn,Long-tail
CRM-1560050,Retained,Semi-Enterprise
CRM-1598500,Onboarding,Long-tail
CRM-317450,Retained,Enterprise
CRM-1554300,Onboarding,Enterprise
CRM-5599700,Onboarding,Enterprise
CRM-1535400,Onboarding,Semi-Enterprise
CRM-5604400,Onboarding,Long-tail
CRM-1050750,Churn,Long-tail
CRM-1554150,Churn,Enterprise
CRM-1460300,Retained,Enterprise
CRM-744000,Churn,Enterprise
CRM-1430450,Churn,Long-tail
CRM-1577850,Onboarding,Enterprise
CRM-161650,Onboarding,Semi-Enterprise
CRM-744050,Churn,Enterprise
CRM-274200,Churn,Long-tail
CRM-1500150,Retained,Enterprise
CRM-1453700,Retained,Semi-Enterprise
CRM-1442150,Retained,Enterprise
CRM-621600,Retained,Long-tail
CRM-270300,Churn,Long-tail
CRM-775100,Churn,Long-tail
CRM-1510500,Churn,Long-tail
CRM-1451150,Churn,Semi-Enterprise
CRM-1479050,Churn,Enterprise
CRM-1531150,Retained,Long-tail
CRM-1359550,Churn,Semi-Enterprise
CRM-1503450,Retained,Long-tail
CRM-5606700,Onboarding,Long-tail
CRM-151950,Churn,Long-tail
CRM-1476600,Retained,Long-tail
CRM-1460400,Churn,Semi-Enterprise
CRM-248500,Retained,Semi-Enterprise
CRM-664600,Churn,Long-tail
CRM-642900,Churn,Semi-Enterprise
CRM-1350200,Churn,Long-tail
CRM-1442900,Churn,Enterprise
CRM-494250,Churn,Long-tail
CRM-1499450,Contract Confirmation,Enterprise
CRM-1516600,Retained,Semi-Enterprise
CRM-219350,Churn,Long-tail
CRM-1538000,Retained,Semi-Enterprise
CRM-1495000,Retained,Enterprise
CRM-1516550,Churn,Semi-Enterprise
CRM-1082550,Retained,Enterprise
CRM-1082600,Retained,Enterprise
CRM-452700,Churn,Long-tail
CRM-1090100,Churn,Long-tail
CRM-1538100,Retained,Enterprise
CRM-1517850,Retained,Semi-Enterprise
CRM-1329700,Churn,Enterprise
CRM-1478700,Retained,Enterprise
CRM-1478750,Retained,Enterprise
CRM-1030400,Retained,Enterprise
CRM-1497600,Churn,Long-tail
CRM-987600,Churn,Long-tail
CRM-920750,Retained,Enterprise
CRM-252250,Retained,Semi-Enterprise
CRM-1483000,Retained,Long-tail
CRM-1544850,Retained,Long-tail
CRM-269400,Churn,Long-tail
CRM-1582300,Onboarding,Semi-Enterprise
CRM-415750,Churn,Long-tail
CRM-1449950,Churn,Long-tail
CRM-1455850,Incomplete Deal,Long-tail
CRM-1553350,Churn,Enterprise
CRM-304700,Churn,Long-tail
CRM-5602050,Retained,Long-tail
CRM-1491800,Incomplete Deal,Semi-Enterprise
CRM-914900,Churn,Semi-Enterprise
CRM-1445550,Retained,Enterprise
CRM-1472400,Churn,Long-tail
CRM-1464250,Churn,Semi-Enterprise
CRM-676950,Churn,Long-tail
CRM-476850,Retained,Enterprise
CRM-152650,Churn,Long-tail
CRM-1586050,Onboarding,Enterprise
CRM-1479400,Churn,Enterprise
CRM-1449650,Churn,Semi-Enterprise
CRM-1129500,Churn,Long-tail
CRM-158150,Churn,Enterprise
CRM-1465350,Churn,Enterprise
CRM-1457950,Retained,Enterprise
CRM-1465400,Churn,Enterprise
CRM-1465450,Churn,Enterprise
CRM-1465500,Churn,Enterprise
CRM-1465550,Churn,Enterprise
CRM-1464550,Churn,Enterprise
CRM-1464600,Churn,Enterprise
CRM-1465600,Churn,Enterprise
CRM-604150,Churn,Long-tail
CRM-166200,Retained,Enterprise
CRM-1469550,Retained,Enterprise
CRM-1461200,Retained,Long-tail
CRM-1526800,Retained,Semi-Enterprise
CRM-1482900,Onboarding,Long-tail
CRM-607050,Churn,Long-tail
CRM-1495750,Churn,Semi-Enterprise
CRM-1562650,Onboarding,Enterprise
CRM-408050,Churn,Long-tail
CRM-1586100,Onboarding,Enterprise
CRM-1484350,Churn,Semi-Enterprise
CRM-1509150,Retained,Enterprise
CRM-1459450,Retained,Enterprise
CRM-1459500,Retained,Enterprise
CRM-1443100,Retained,Enterprise
CRM-1499750,Retained,Enterprise
CRM-856450,In Opportunity Pipeline,Semi-Enterprise
CRM-730800,Retained,Semi-Enterprise
CRM-1461450,Retained,Enterprise
CRM-1586700,Retained,Semi-Enterprise
CRM-223500,Churn,Long-tail
CRM-841000,Churn,Enterprise
CRM-461200,Churn,Long-tail
CRM-1442350,Retained,Long-tail
CRM-1469650,Churn,Long-tail
CRM-1206050,Retained,Enterprise
CRM-1557850,Onboarding,Semi-Enterprise
CRM-630550,Churn,Long-tail
CRM-1471900,Retained,Enterprise
CRM-1481350,Retained,Enterprise
CRM-1481300,Retained,Enterprise
CRM-1580750,Onboarding,Long-tail
CRM-1483300,Churn,Long-tail
CRM-1454150,Retained,Enterprise
CRM-1526200,Retained,Enterprise
CRM-665150,Churn,Long-tail
CRM-1466250,Retained,Long-tail
CRM-397650,Churn,Long-tail
CRM-1131850,Retained,Semi-Enterprise
CRM-1126800,Retained,Semi-Enterprise
CRM-726400,Retained,Semi-Enterprise
CRM-859900,Retained,Long-tail
CRM-1442400,Churn,Semi-Enterprise
CRM-185950,Churn,Long-tail
CRM-572250,Churn,Long-tail
CRM-228050,Churn,Semi-Enterprise
CRM-1530400,Retained,Enterprise
CRM-470750,Retained,Enterprise
CRM-1459900,Churn,Enterprise
CRM-1517350,Retained,Long-tail
CRM-158300,Churn,Long-tail
CRM-512700,Churn,Long-tail
CRM-1486050,Retained,Enterprise
CRM-1511050,Churn,Long-tail
CRM-1102650,Churn,Long-tail
CRM-1458950,Churn,Long-tail
CRM-1549550,Retained,Long-tail
CRM-1578400,Onboarding,Enterprise
CRM-1508650,Incomplete Deal,Enterprise
CRM-1506000,Retained,Long-tail
CRM-1506050,Retained,Long-tail
CRM-1506100,Retained,Long-tail
CRM-1511600,Retained,Long-tail
CRM-1597450,Onboarding,Enterprise
CRM-1597500,Onboarding,Enterprise
CRM-1597550,Onboarding,Enterprise
CRM-1600400,Onboarding,Enterprise
CRM-1597600,Onboarding,Enterprise
CRM-1598600,Onboarding,Long-tail
CRM-1599850,Onboarding,Semi-Enterprise
CRM-1597650,Onboarding,Enterprise
CRM-1506200,Retained,Long-tail
CRM-1601450,Retained,Enterprise
CRM-1506250,Retained,Long-tail
CRM-1577400,Onboarding,Long-tail
CRM-1598700,Onboarding,Semi-Enterprise
CRM-1506300,Retained,Long-tail
CRM-226650,Churn,Long-tail
CRM-1005900,Retained,Enterprise
CRM-957900,Retained,Enterprise
CRM-1473950,Retained,Enterprise
CRM-1552700,Retained,Enterprise
CRM-1473450,Retained,Enterprise
CRM-1473500,Contract Confirmation,Enterprise
CRM-1473550,Retained,Enterprise
CRM-902900,Retained,Enterprise
CRM-1474000,Retained,Enterprise
CRM-1473600,Retained,Enterprise
CRM-1474050,Retained,Enterprise
CRM-1473650,Retained,Enterprise
CRM-419600,Retained,Enterprise
CRM-5613650,Retained,Enterprise
CRM-788200,Churn,Long-tail
CRM-322550,Retained,Enterprise
CRM-619650,Retained,Enterprise
CRM-1461250,Retained,Long-tail
CRM-295200,Churn,Long-tail
CRM-185100,Churn,Long-tail
CRM-1233800,Churn,Semi-Enterprise
CRM-1511250,Retained,Semi-Enterprise
CRM-1448650,Retained,Enterprise
CRM-1517950,Onboarding,Enterprise
CRM-1518000,Onboarding,Enterprise
CRM-1518050,Onboarding,Enterprise
CRM-1492500,Retained,Enterprise
CRM-726750,Retained,Long-tail
CRM-1486150,Retained,Enterprise
CRM-1537450,Retained,Enterprise
CRM-253900,Churn,Long-tail
CRM-1569600,Retained,Enterprise
CRM-1589800,Onboarding,Enterprise
CRM-1597150,Onboarding,Enterprise
CRM-1499650,Retained,Enterprise
CRM-726200,Churn,Long-tail
CRM-660050,Churn,Long-tail
CRM-1488950,Retained,Enterprise
CRM-421850,Churn,Long-tail
CRM-1517750,Retained,Long-tail
CRM-1458500,Churn,Enterprise
CRM-291050,Retained,Long-tail
CRM-618000,Churn,Semi-Enterprise
CRM-1036400,Churn,Semi-Enterprise
CRM-1090300,Retained,Enterprise
CRM-1549450,Retained,Enterprise
CRM-1493850,Churn,Semi-Enterprise
CRM-1607000,Onboarding,Enterprise
CRM-1479000,Retained,Enterprise
CRM-1589200,Onboarding,Enterprise
CRM-729700,Contract Confirmation,Long-tail
CRM-185700,Churn,Long-tail
CRM-1598050,Onboarding,Enterprise
CRM-531500,Churn,Enterprise
CRM-1544250,Churn,Semi-Enterprise
CRM-1470800,Retained,Enterprise
CRM-593800,Churn,Long-tail
CRM-176100,Churn,Long-tail
CRM-774850,Retained,Enterprise
CRM-209750,Churn,Long-tail
CRM-155400,Churn,Long-tail
CRM-1537600,Retained,Enterprise
CRM-1512950,Onboarding,Enterprise
CRM-580050,Churn,Semi-Enterprise
CRM-661350,Retained,Enterprise
CRM-637400,Churn,Long-tail
CRM-1600200,Onboarding,Enterprise
CRM-1574200,Onboarding,Long-tail
CRM-172500,Churn,Long-tail
CRM-471450,Incomplete Deal,Long-tail
CRM-579650,Churn,Enterprise
CRM-1289700,Churn,Semi-Enterprise
CRM-495600,Churn,Enterprise
CRM-1449300,Retained,Long-tail
CRM-862500,Churn,Long-tail
CRM-1494700,Retained,Enterprise
CRM-243550,Retained,Enterprise
CRM-247250,Churn,Long-tail
CRM-1586150,Onboarding,Enterprise
CRM-1586200,Onboarding,Enterprise
CRM-1443800,Churn,Long-tail
CRM-1086200,Retained,Enterprise
CRM-151450,Retained,Semi-Enterprise
CRM-163900,Churn,Enterprise
CRM-1608350,Contract Confirmation,Enterprise
CRM-647750,Churn,Long-tail
CRM-571450,Churn,Long-tail
CRM-229300,Churn,Long-tail
CRM-360100,Churn,Long-tail
CRM-5607750,Onboarding,Semi-Enterprise
CRM-1445300,Churn,Enterprise
CRM-159050,Churn,Long-tail
CRM-157700,Retained,Semi-Enterprise
CRM-1458550,Churn,Long-tail
CRM-201250,Churn,Long-tail
CRM-1476650,Retained,Enterprise
CRM-1536150,Onboarding,Long-tail
CRM-1498700,Retained,Semi-Enterprise
CRM-161600,Retained,Enterprise
CRM-1393800,Retained,Enterprise
CRM-1449450,Incomplete Deal,Enterprise
CRM-1449700,Churn,Enterprise
CRM-1471950,Retained,Enterprise
CRM-1172250,Retained,Enterprise
CRM-1364950,Retained,Enterprise
CRM-1595750,Retained,Enterprise
CRM-1169800,Churn,Semi-Enterprise
CRM-1462000,Retained,Enterprise
CRM-1537150,Retained,Semi-Enterprise
CRM-168850,Churn,Long-tail
CRM-1454450,Retained,Enterprise
CRM-531300,Retained,Enterprise
CRM-408200,Churn,Long-tail
CRM-1461900,Churn,Semi-Enterprise
CRM-907550,Churn,Enterprise
CRM-1380800,Churn,Long-tail
CRM-351350,Onboarding,Semi-Enterprise
CRM-1537850,Retained,Enterprise
CRM-634850,Churn,Enterprise
CRM-1518300,Retained,Semi-Enterprise
CRM-588950,Churn,Long-tail
CRM-1483950,Churn,Long-tail
CRM-153550,Churn,Long-tail
CRM-718100,Churn,Long-tail
CRM-537750,Churn,Long-tail
CRM-1544950,Retained,Long-tail
CRM-1444950,Retained,Enterprise
CRM-310250,Churn,Long-tail
CRM-314800,Churn,Long-tail
CRM-463250,Churn,Enterprise
CRM-1301500,Retained,Semi-Enterprise
CRM-1569850,Onboarding,Enterprise
CRM-361700,Churn,Long-tail
CRM-561800,Churn,Long-tail
CRM-1500050,Retained,Long-tail
CRM-1476900,Retained,Long-tail
CRM-1541350,Onboarding,Enterprise
CRM-1519500,Onboarding,Long-tail
CRM-1486500,Onboarding,Long-tail
CRM-1486550,Onboarding,Long-tail
CRM-1457250,Retained,Long-tail
CRM-1570650,Retained,Semi-Enterprise
CRM-5607000,Retained,Long-tail
CRM-151800,Churn,Long-tail
CRM-1494250,Retained,Semi-Enterprise
CRM-1496500,Retained,Enterprise
CRM-1554900,Retained,Semi-Enterprise
CRM-156950,Retained,Enterprise
CRM-153750,Retained,Enterprise
CRM-1509650,Retained,Enterprise
CRM-1507550,Onboarding,Enterprise
CRM-1543300,Onboarding,Semi-Enterprise
CRM-1559250,Retained,Enterprise
CRM-1561300,Retained,Enterprise
CRM-1480950,Retained,Enterprise
CRM-1545000,Onboarding,Enterprise
CRM-468500,Churn,Enterprise
CRM-1075600,Churn,Long-tail
CRM-1488350,Churn,Enterprise
CRM-775900,Churn,Semi-Enterprise
CRM-1460500,Retained,Long-tail
CRM-1482200,Retained,Semi-Enterprise
CRM-1586950,Retained,Enterprise
CRM-160400,Churn,Semi-Enterprise
CRM-966450,Churn,Long-tail
CRM-642800,Churn,Long-tail
CRM-1468650,Retained,Enterprise
CRM-1466300,Retained,Enterprise
CRM-1466350,Retained,Enterprise
CRM-1485150,Retained,Enterprise
CRM-152250,Churn,Long-tail
CRM-1172550,Retained,Enterprise
CRM-486200,Churn,Long-tail
CRM-352050,Churn,Long-tail
CRM-1456300,Retained,Enterprise
CRM-1596650,Onboarding,Long-tail
CRM-1526750,Retained,Semi-Enterprise
CRM-153600,Retained,Semi-Enterprise
CRM-807000,Churn,Long-tail
CRM-1341800,Churn,Semi-Enterprise
CRM-1579750,Onboarding,Enterprise
CRM-1577800,Onboarding,Enterprise
CRM-991150,Churn,Semi-Enterprise
CRM-1449600,Churn,Long-tail
CRM-1478400,Retained,Long-tail
CRM-836700,Churn,Enterprise
CRM-1461850,Churn,Enterprise
CRM-530100,Retained,Semi-Enterprise
CRM-1485300,Retained,Enterprise
CRM-797050,Churn,Long-tail
CRM-1469250,Retained,Long-tail
CRM-993250,Retained,Enterprise
CRM-201800,Churn,Long-tail
CRM-719100,Churn,Long-tail
CRM-311000,Churn,Long-tail
CRM-1373400,Retained,Semi-Enterprise
CRM-211950,Churn,Long-tail
CRM-1510550,Retained,Enterprise
CRM-1460600,Retained,Enterprise
CRM-1511300,Retained,Enterprise
CRM-1463600,Churn,Semi-Enterprise
CRM-418000,Churn,Enterprise
CRM-1490500,Retained,Enterprise
CRM-1471150,Retained,Enterprise
CRM-1360750,Churn,Semi-Enterprise
CRM-1569900,Churn,Long-tail
CRM-1455150,Churn,Enterprise
CRM-476750,Retained,Enterprise
CRM-156700,Retained,Enterprise
CRM-1199150,Retained,Enterprise
CRM-783350,Churn,Long-tail
CRM-1489900,Retained,Long-tail
CRM-1489550,Churn,Enterprise
CRM-698100,Churn,Enterprise
CRM-150600,Churn,Long-tail
CRM-295100,Churn,Long-tail
CRM-1473850,Retained,Semi-Enterprise
CRM-1573600,Retained,Semi-Enterprise
CRM-763800,Churn,Long-tail
CRM-1468150,Churn,Long-tail
CRM-1489150,Churn,Long-tail
CRM-1472000,Onboarding,Enterprise
CRM-1491100,Retained,Enterprise
CRM-1526050,Retained,Semi-Enterprise
CRM-1449750,Churn,Long-tail
CRM-1453250,Retained,Enterprise
CRM-1481200,Churn,Semi-Enterprise
CRM-1462250,Retained,Long-tail
CRM-157250,Churn,Long-tail
CRM-1370150,Contract Confirmation,Enterprise
CRM-176450,Retained,Enterprise
CRM-157000,Retained,Long-tail
CRM-1469500,Churn,Long-tail
CRM-250450,Churn,Long-tail
CRM-1460550,Churn,Semi-Enterprise
CRM-748200,Churn,Long-tail
CRM-417000,Churn,Long-tail
CRM-166850,Churn,Long-tail
CRM-1521150,Retained,Semi-Enterprise
CRM-1513500,Incomplete Deal,Long-tail
CRM-153650,Churn,Long-tail
CRM-412550,Churn,Long-tail
CRM-1489450,Incomplete Deal,Long-tail
CRM-665100,Churn,Enterprise
CRM-1580200,Onboarding,Semi-Enterprise
CRM-1560300,Onboarding,Enterprise
CRM-165750,Retained,Long-tail
CRM-226150,Retained,Long-tail
CRM-306500,Churn,Enterprise
CRM-1586550,Onboarding,Enterprise
CRM-1525250,Retained,Long-tail
CRM-1520550,Retained,Long-tail
CRM-1518400,Churn,Enterprise
CRM-164850,Retained,Enterprise
CRM-1585350,Retained,Semi-Enterprise
CRM-1474200,Retained,Semi-Enterprise
CRM-1538750,Retained,Semi-Enterprise
CRM-997700,In Opportunity Pipeline,Long-tail
CRM-1580250,Onboarding,Semi-Enterprise
CRM-508750,Churn,Long-tail
CRM-159350,Churn,Long-tail
CRM-190650,Churn,Long-tail
CRM-1589550,Onboarding,Enterprise
CRM-606900,Retained,Enterprise
CRM-861200,Churn,Enterprise
CRM-983600,Retained,Enterprise
CRM-1534700,Retained,Long-tail
CRM-1567200,Retained,Long-tail
CRM-1441500,Churn,Semi-Enterprise
CRM-1513550,Retained,Enterprise
CRM-1509750,Churn,Long-tail
CRM-1482500,Retained,Enterprise
CRM-1482550,Retained,Enterprise
CRM-1467650,Retained,Enterprise
CRM-1513650,Retained,Long-tail
CRM-1513600,Churn,Long-tail
CRM-1130700,Retained,Enterprise
CRM-1130750,Retained,Enterprise
CRM-1453200,Churn,Long-tail
CRM-1227550,Churn,Enterprise
CRM-499900,Retained,Long-tail
CRM-476600,Retained,Enterprise
CRM-428950,Churn,Long-tail
CRM-1050600,Churn,Long-tail
CRM-917450,Churn,Long-tail
CRM-150700,Churn,Long-tail
CRM-708200,Churn,Long-tail
CRM-227850,Churn,Long-tail
CRM-405100,Churn,Semi-Enterprise
CRM-505050,Churn,Long-tail
CRM-1472050,Onboarding,Enterprise
CRM-1102900,Churn,Semi-Enterprise
CRM-452650,Churn,Long-tail
CRM-712800,Churn,Long-tail
CRM-421050,Churn,Long-tail
CRM-1444700,Retained,Enterprise
CRM-1460700,Retained,Long-tail
CRM-276400,Retained,Semi-Enterprise
CRM-1099250,Churn,Long-tail
CRM-219450,Churn,Long-tail
CRM-1499000,Retained,Enterprise
CRM-1503050,Churn,Semi-Enterprise
CRM-1542550,Retained,Enterprise
CRM-1172500,Retained,Enterprise
CRM-689550,In Opportunity Pipeline,Semi-Enterprise
CRM-1469950,Retained,Semi-Enterprise
CRM-1470000,Churn,Enterprise
CRM-1470050,Retained,Semi-Enterprise
CRM-1517200,Churn,Long-tail
CRM-1295850,Churn,Semi-Enterprise
CRM-715900,Retained,Long-tail
CRM-1496000,Churn,Enterprise
CRM-1478850,Churn,Long-tail
CRM-219200,Churn,Long-tail
CRM-5602400,Retained,Enterprise
CRM-1503000,Retained,Enterprise
CRM-1535650,Retained,Semi-Enterprise
CRM-785050,Churn,Long-tail
CRM-789100,Churn,Long-tail
CRM-1510800,Churn,Enterprise
CRM-169050,Retained,Long-tail
CRM-1445750,Retained,Enterprise
CRM-1587450,Onboarding,Enterprise
CRM-776800,Churn,Semi-Enterprise
CRM-1528700,Onboarding,Semi-Enterprise
CRM-401650,Churn,Long-tail
CRM-243250,Churn,Long-tail
CRM-764500,Churn,Semi-Enterprise
CRM-1514450,Churn,Enterprise
CRM-1514500,Churn,Enterprise
CRM-160300,Retained,Semi-Enterprise
CRM-1477350,Retained,Semi-Enterprise
CRM-900250,Churn,Semi-Enterprise
CRM-430100,Churn,Long-tail
CRM-463500,Retained,Enterprise
CRM-169400,Churn,Long-tail
CRM-1079950,Churn,Semi-Enterprise
CRM-156900,Churn,Long-tail
CRM-1517700,Retained,Semi-Enterprise
CRM-463600,Retained,Enterprise
CRM-153850,Churn,Long-tail
CRM-1460450,Churn,Long-tail
CRM-1548400,Retained,Semi-Enterprise
CRM-1584300,Onboarding,Semi-Enterprise
CRM-1610300,Retained,Semi-Enterprise
CRM-198050,Churn,Long-tail
CRM-421250,Churn,Long-tail
CRM-406850,Churn,Long-tail
CRM-406800,Churn,Long-tail
CRM-421150,Churn,Long-tail
CRM-406900,Churn,Long-tail
CRM-421200,Churn,Long-tail
CRM-406750,Churn,Long-tail
CRM-421300,Churn,Long-tail
CRM-406950,Churn,Long-tail
CRM-227250,Churn,Long-tail
CRM-160050,Churn,Long-tail
CRM-1459100,Retained,Enterprise
CRM-1498000,Churn,Enterprise
CRM-1446800,Churn,Semi-Enterprise
CRM-1544750,Retained,Enterprise
CRM-1493300,Retained,Enterprise
CRM-840750,Churn,Long-tail
CRM-631850,Retained,Semi-Enterprise
CRM-1574450,Churn,Enterprise
CRM-1449400,Retained,Enterprise
CRM-1501000,Churn,Semi-Enterprise
CRM-1469350,Churn,Long-tail
CRM-379050,Churn,Long-tail
CRM-671450,Retained,Enterprise
CRM-172100,Retained,Enterprise
CRM-1177950,Churn,Semi-Enterprise
CRM-1481000,Onboarding,Semi-Enterprise
CRM-1512550,Retained,Long-tail
CRM-166750,Retained,Long-tail
CRM-363150,Churn,Long-tail
CRM-1496550,Retained,Enterprise
CRM-219500,Churn,Long-tail
CRM-1586750,Retained,Enterprise
CRM-269450,Churn,Long-tail
CRM-169450,Churn,Long-tail
CRM-166350,Retained,Enterprise
CRM-198900,Churn,Long-tail
CRM-237450,Churn,Long-tail
CRM-1528100,Retained,Enterprise
CRM-459950,Churn,Semi-Enterprise
CRM-726500,Churn,Long-tail
CRM-227350,Churn,Long-tail
CRM-1482800,Churn,Semi-Enterprise
CRM-153200,Churn,Long-tail
CRM-1484200,Retained,Semi-Enterprise
CRM-1421300,Churn,Long-tail
CRM-1493550,Retained,Enterprise
CRM-390000,Churn,Long-tail
CRM-362600,Churn,Long-tail
CRM-615000,Retained,Enterprise
CRM-746450,Churn,Long-tail
CRM-1514000,Retained,Long-tail
CRM-337850,Churn,Long-tail
CRM-1489800,Retained,Semi-Enterprise
CRM-420000,Churn,Semi-Enterprise
CRM-1478500,Retained,Enterprise
CRM-1523000,Onboarding,Enterprise
CRM-1245850,Churn,Long-tail
CRM-1245900,Churn,Long-tail
CRM-244700,Churn,Long-tail
CRM-925400,Churn,Enterprise
CRM-268450,Churn,Enterprise
CRM-161950,Churn,Enterprise
CRM-161900,Churn,Enterprise
CRM-240800,Churn,Enterprise
CRM-259250,Churn,Enterprise
CRM-1529250,Retained,Long-tail
CRM-1445800,Churn,Semi-Enterprise
CRM-1549250,Onboarding,Enterprise
CRM-1509850,Retained,Enterprise
CRM-281750,Churn,Long-tail
CRM-1542150,Retained,Enterprise
CRM-1542100,Retained,Enterprise
CRM-1579100,PoC,Enterprise
CRM-332800,Churn,Long-tail
CRM-1052200,Churn,Enterprise
CRM-713250,Churn,Long-tail
CRM-1495500,Retained,Enterprise
CRM-168000,Churn,Enterprise
CRM-237650,Churn,Long-tail
CRM-1472100,Churn,Enterprise
CRM-729600,Churn,Long-tail
CRM-1242200,Retained,Semi-Enterprise
CRM-732000,Churn,Long-tail
CRM-154100,Churn,Long-tail
CRM-150850,Churn,Long-tail
CRM-1538550,Onboarding,Enterprise
CRM-1172300,Retained,Enterprise
CRM-1364800,Retained,Enterprise
CRM-1449550,Retained,Long-tail
CRM-1455300,Retained,Enterprise
CRM-1496950,Churn,Enterprise
CRM-174300,Churn,Long-tail
CRM-1437300,Retained,Enterprise
CRM-1527250,Retained,Enterprise
CRM-1601650,Onboarding,Enterprise
CRM-268150,Churn,Long-tail
CRM-1414900,Retained,Enterprise
CRM-1587350,Onboarding,Semi-Enterprise
CRM-1028200,Retained,Enterprise
CRM-158050,Churn,Enterprise
CRM-1304000,Churn,Long-tail
CRM-1525300,Retained,Enterprise
CRM-263000,Churn,Long-tail
CRM-289850,Retained,Enterprise
CRM-746200,Churn,Long-tail
CRM-1493750,Churn,Semi-Enterprise
CRM-916650,Retained,Enterprise
CRM-815850,Churn,Enterprise
CRM-1280600,Retained,Enterprise
CRM-1553900,Retained,Enterprise
CRM-1607750,Retained,Enterprise
CRM-1486100,Churn,Semi-Enterprise
CRM-1464000,Retained,Semi-Enterprise
CRM-477800,Churn,Enterprise
CRM-1307700,Incomplete Deal,Enterprise
CRM-1453900,Retained,Enterprise
CRM-1585300,Onboarding,Enterprise
CRM-1472150,Onboarding,Enterprise
CRM-535000,Churn,Semi-Enterprise
CRM-151700,Churn,Enterprise
CRM-1541850,Retained,Enterprise
CRM-1451200,Retained,Enterprise
CRM-154250,Churn,Long-tail
CRM-1597700,Onboarding,Enterprise
CRM-1446850,Churn,
CRM-1476750,Retained,Enterprise
CRM-203250,Retained,Enterprise
CRM-1536000,Onboarding,Enterprise
CRM-1557350,Onboarding,Enterprise
CRM-1566350,Onboarding,Enterprise
CRM-1539150,Retained,Long-tail
CRM-199050,Churn,Enterprise
CRM-152850,Churn,Long-tail
CRM-1538700,Onboarding,Long-tail
CRM-1071750,Churn,Semi-Enterprise
CRM-169000,Churn,Long-tail
CRM-573700,Churn,Long-tail
CRM-531350,Churn,Enterprise
CRM-1507700,Churn,Enterprise
CRM-1510250,Onboarding,Enterprise
CRM-1551800,Retained,Enterprise
CRM-1586250,Onboarding,Enterprise
CRM-1492800,Retained,Semi-Enterprise
CRM-1554200,Churn,Enterprise
CRM-1384400,Retained,Enterprise
CRM-1492850,Churn,Semi-Enterprise
CRM-158100,Churn,Enterprise
CRM-1105850,Churn,Long-tail
CRM-1484000,Retained,Semi-Enterprise
CRM-1513800,Churn,Semi-Enterprise
CRM-1543550,Retained,Enterprise
CRM-1581100,Retained,Enterprise
CRM-1607500,Onboarding,Long-tail
CRM-990850,Churn,Long-tail
CRM-338550,Churn,Long-tail
CRM-1354300,Churn,Long-tail
CRM-459100,Churn,Long-tail
CRM-1478600,Churn,Enterprise
CRM-205950,Churn,Long-tail
CRM-394200,Retained,Enterprise
CRM-580650,Onboarding,Semi-Enterprise
CRM-626250,Retained,Enterprise
CRM-590150,Retained,Semi-Enterprise
CRM-1489000,Retained,Enterprise
CRM-617450,Retained,Semi-Enterprise
CRM-608250,Retained,Enterprise
CRM-480100,Onboarding,Enterprise
CRM-1536450,Retained,Enterprise
CRM-714500,Retained,Enterprise
CRM-652450,Retained,Semi-Enterprise
CRM-1517900,Retained,Enterprise
CRM-1520600,Retained,Long-tail
CRM-1557700,Retained,Long-tail
CRM-1488400,Churn,Enterprise
CRM-1492950,Retained,Enterprise
CRM-1607550,Onboarding,Long-tail
CRM-676000,Churn,Long-tail
CRM-414350,Churn,Long-tail
CRM-1456700,Churn,Enterprise
CRM-687150,Churn,Long-tail
CRM-1500350,Retained,Enterprise
CRM-1511200,Retained,Long-tail
CRM-211150,Churn,Long-tail
CRM-1518650,Onboarding,Semi-Enterprise
CRM-1559800,Onboarding,Semi-Enterprise
CRM-552750,Churn,Long-tail
CRM-957750,Churn,Enterprise
CRM-266200,Retained,Long-tail
CRM-949800,Retained,Semi-Enterprise
CRM-152000,Churn,Enterprise
CRM-1468400,Churn,Long-tail
CRM-1469600,Churn,Long-tail
CRM-152350,Churn,Long-tail
CRM-175750,Churn,Long-tail
CRM-1496600,Retained,Enterprise
CRM-154200,Churn,Long-tail
CRM-1476400,Incomplete Deal,Semi-Enterprise
CRM-609800,Churn,Long-tail
CRM-152750,Churn,Long-tail
CRM-1500800,Retained,Semi-Enterprise
CRM-1497200,Churn,Semi-Enterprise
CRM-1498250,Churn,Long-tail
CRM-1514800,Churn,Long-tail
CRM-1496650,Churn,Semi-Enterprise
CRM-517600,Retained,Long-tail
CRM-1470400,Onboarding,Enterprise
CRM-1496300,Retained,Semi-Enterprise
CRM-1577200,Retained,Enterprise
CRM-1513400,Churn,Semi-Enterprise
CRM-1482150,Churn,Enterprise
CRM-519200,Churn,Long-tail
CRM-351050,Onboarding,Semi-Enterprise
CRM-1582450,Onboarding,Long-tail
CRM-1482000,Retained,Long-tail
CRM-1542300,Retained,Long-tail
CRM-1241050,Churn,Long-tail
CRM-277650,Retained,Semi-Enterprise
CRM-1562700,Onboarding,Enterprise
CRM-1099500,Churn,Semi-Enterprise
CRM-719250,Incomplete Deal,Semi-Enterprise
CRM-1458250,Churn,Semi-Enterprise
CRM-158000,Churn,Long-tail
CRM-1508150,Churn,Semi-Enterprise
CRM-1481150,Churn,Semi-Enterprise
CRM-237550,Churn,Long-tail
CRM-1566750,Onboarding,Enterprise
CRM-1490750,Retained,Long-tail
CRM-566500,Churn,Long-tail
CRM-1607800,Retained,Enterprise
CRM-1531550,Retained,Enterprise
CRM-1051750,Retained,Semi-Enterprise
CRM-830700,Retained,Long-tail
CRM-833950,Retained,Semi-Enterprise
CRM-1216050,Churn,Semi-Enterprise
CRM-1331650,Churn,Long-tail
CRM-169300,Churn,Long-tail
CRM-1454200,Churn,Long-tail
CRM-1463400,Churn,Enterprise
CRM-1488450,Churn,Enterprise
CRM-1495800,Churn,Semi-Enterprise
CRM-153700,Churn,Enterprise
CRM-186200,Churn,Long-tail
CRM-243350,Churn,Long-tail
CRM-152550,Churn,Enterprise
CRM-169200,Churn,Semi-Enterprise
CRM-232800,Churn,Long-tail
CRM-159500,Churn,Long-tail
CRM-559400,Churn,Long-tail
CRM-783450,Retained,Long-tail
CRM-1536550,Onboarding,Enterprise
CRM-1500500,Retained,Semi-Enterprise
CRM-5604350,Onboarding,Semi-Enterprise
CRM-155450,Retained,Enterprise
CRM-1453850,Churn,Long-tail
CRM-993300,Churn,Enterprise
CRM-230750,Churn,Enterprise
CRM-1499600,Retained,Enterprise
CRM-1594350,Retained,Enterprise
CRM-1451550,Retained,Long-tail
CRM-1494200,Churn,Long-tail
CRM-1452500,Churn,Semi-Enterprise